Month,Year,Place,Temp_max,Temp_mean,Temp_min,Precipitation,Sunshine
1,1960,Suwa,13.7,-0.8,-12.8,24.1,215.8
2,1960,Suwa,16.6,0.6,-10.1,19.1,212.1
3,1960,Suwa,21.6,4.4,-8.7,60.4,226.4
4,1960,Suwa,21.5,8.2,-4.3,86.6,201.5
5,1960,Suwa,26.4,14.3,2.4,142.6,186.7
6,1960,Suwa,29.1,17.9,8.3,144.3,164.6
7,1960,Suwa,33.1,22.8,14.2,58.7,212.6
8,1960,Suwa,33.1,23,14.7,243.7,214.5
9,1960,Suwa,29.2,19.2,2.7,161.6,144.8
10,1960,Suwa,24.7,12.6,1.4,95.9,162.1
11,1960,Suwa,18.2,7.6,-5.1,71.6,154.3
12,1960,Suwa,12,1.4,-10.7,28.7,156.1
1,1961,Suwa,6.3,-2.6,-12.9,44.7,171.8
2,1961,Suwa,9.5,-1.5,-10.7,17.2,185.3
3,1961,Suwa,17.4,3.1,-8.9,113.5,202.7
4,1961,Suwa,24.8,10,-3.7,140.1,230.3
5,1961,Suwa,29.2,15.9,3.7,66.9,211.6
6,1961,Suwa,28.4,18.4,8,469.3,172.8
7,1961,Suwa,33.5,23.9,17.3,148.1,218.9
8,1961,Suwa,32.8,23.8,16.4,107.5,201.2
9,1961,Suwa,32.8,21,10.3,99.4,212.5
10,1961,Suwa,26.5,14.4,3.8,188,97.8
11,1961,Suwa,17.5,7.4,-4.3,57.5,171.8
12,1961,Suwa,12.3,1.8,-9.5,19.1,204.2
1,1962,Suwa,7.9,-2.2,-13.8,28,210.6
2,1962,Suwa,16.2,-0.6,-9.9,10.2,218
3,1962,Suwa,15.6,2.7,-8.3,31.3,215
4,1962,Suwa,20.5,9,-4.7,99.3,215.7
5,1962,Suwa,29.6,14.2,1.5,152.1,209.1
6,1962,Suwa,29.2,17.5,5,290.8,147.8
7,1962,Suwa,33.3,22.5,16.3,140,188.8
8,1962,Suwa,33.5,23.8,15.2,47.6,263.8
9,1962,Suwa,29.7,19.6,5.5,60.8,205.4
10,1962,Suwa,28.7,11.9,0,98.2,166.5
11,1962,Suwa,18,6,-5.7,48.3,122.7
12,1962,Suwa,9.7,1.3,-7.9,40.1,186.7
1,1963,Suwa,4.4,-3.9,-12.2,11,192.1
2,1963,Suwa,8.4,-3.9,-21.1,30.1,212
3,1963,Suwa,19,2.1,-11.1,100.9,229.2
4,1963,Suwa,25.3,10.3,-3.3,97.5,203.9
5,1963,Suwa,26.5,15.5,1.7,194.7,104.7
6,1963,Suwa,30.9,20,11.4,210.4,119.9
7,1963,Suwa,32.6,22.8,15.3,207.3,206.7
8,1963,Suwa,32,22.8,15.2,136.4,195.8
9,1963,Suwa,26.9,16.7,4,51.6,174.6
10,1963,Suwa,22.9,11.6,1.3,81.5,156.9
11,1963,Suwa,18.8,6.5,-3.4,39.5,181.5
12,1963,Suwa,14.6,2.4,-6.9,30.3,204.2
1,1964,Suwa,9.4,-0.7,-11.2,95.3,169
2,1964,Suwa,7.6,-2.7,-13.8,63.2,170.5
3,1964,Suwa,16.3,1.7,-9.2,71.8,228.9
4,1964,Suwa,25.1,13.3,1.8,140.8,173.4
5,1964,Suwa,27.3,15.3,2.2,59.5,241.8
6,1964,Suwa,27.2,17.7,7.3,164,195.6
7,1964,Suwa,32.8,23.5,16.9,252,193.7
8,1964,Suwa,32.9,24.4,16.4,91.2,235.4
9,1964,Suwa,29.4,18.7,6.6,250.5,127.2
10,1964,Suwa,22,11.4,0.8,112.4,159.8
11,1964,Suwa,20.8,5,-5.6,53.5,180.7
12,1964,Suwa,13.5,1.6,-8.7,31.3,190.4
1,1965,Suwa,8.5,-1.9,-12.2,30,211.7
2,1965,Suwa,12.2,-1.6,-11.9,22.4,215.6
3,1965,Suwa,15.4,0.7,-12,12.7,262.3
4,1965,Suwa,24.5,6,-6.3,78.4,187.6
5,1965,Suwa,25.2,13.9,-0.4,254.8,226.2
6,1965,Suwa,27.2,18.8,8,225.2,177.5
7,1965,Suwa,32.1,21.7,15.3,297.6,161.7
8,1965,Suwa,32.1,22.9,9.7,24.7,283.5
9,1965,Suwa,29.4,17.6,4.7,194.5,168.9
10,1965,Suwa,22.2,10.7,0.8,38.6,221.9
11,1965,Suwa,20.1,7.3,-4.2,127.9,163.4
12,1965,Suwa,12.9,1.2,-8.5,47.5,140.8
1,1966,Suwa,7.8,-2.4,-13.9,29.2,205.4
2,1966,Suwa,13.8,1.1,-11.3,84.3,192.8
3,1966,Suwa,16.3,3.9,-4.9,151.7,189
4,1966,Suwa,26.2,9.4,-2.5,76.8,204.7
5,1966,Suwa,27.4,13.4,1.9,154,231.9
6,1966,Suwa,31.5,17.7,9.5,213.9,158.4
7,1966,Suwa,32.3,22.2,13.8,203.3,193.1
8,1966,Suwa,33.4,23.4,13.5,156.3,234.7
9,1966,Suwa,30.1,19.1,6,312.8,166.9
10,1966,Suwa,23.1,12.8,1.3,83.3,195
11,1966,Suwa,19.7,6.1,-5.9,49.2,191.9
12,1966,Suwa,9.2,-0.8,-12.6,15.2,170.9
1,1967,Suwa,9.3,-3.2,-17.4,74.8,192.3
2,1967,Suwa,12.8,-3,-18.2,65,171.4
3,1967,Suwa,17.8,2.9,-9.4,117.2,207.4
4,1967,Suwa,24.9,9.1,-0.7,138.9,168.1
5,1967,Suwa,29.7,15.6,2.4,46.4,271.3
6,1967,Suwa,28.3,18.7,8.6,143,229.8
7,1967,Suwa,32.2,22.8,12.5,265.2,182.1
8,1967,Suwa,32.2,23.5,14.6,102.9,207.6
9,1967,Suwa,29.1,19.2,8.3,58.5,144.4
10,1967,Suwa,22.2,11.1,1.1,159.1,141.6
11,1967,Suwa,19.7,6.9,-5,99.2,160.8
12,1967,Suwa,10.4,-0.4,-13.5,19.8,176.9
1,1968,Suwa,7.5,-2.1,-11.7,35.5,193.1
2,1968,Suwa,9.5,-4.4,-16.3,44,223.2
3,1968,Suwa,16.4,3.1,-8.6,124,191.2
4,1968,Suwa,25,9.6,-3.2,140,202.7
5,1968,Suwa,25.8,13.9,2.1,85.5,248.4
6,1968,Suwa,28.6,18.1,7.1,130,201.4
7,1968,Suwa,33.8,21.7,13.7,135,176.8
8,1968,Suwa,32.5,22.4,15.2,311,170.3
9,1968,Suwa,26.4,17.7,7.6,25.5,173.2
10,1968,Suwa,25.6,11,0.3,98,139.8
11,1968,Suwa,19,6.4,-4.9,21.5,208.7
12,1968,Suwa,15.2,3.5,-7.2,90.5,152.1
1,1969,Suwa,16.9,-0.8,-12.2,60.5,156.7
2,1969,Suwa,15,-0.4,-10.4,114,132.4
3,1969,Suwa,22.7,1.7,-12.6,113,196.2
4,1969,Suwa,29.2,9.7,-3.7,112.5,213.6
5,1969,Suwa,30,14.8,1.8,76,258.7
6,1969,Suwa,28.2,17.5,4.1,203.5,195
7,1969,Suwa,32.8,21.6,13.8,282.5,151.3
8,1969,Suwa,32.7,22,13.6,223.5,198.1
9,1969,Suwa,30.6,18.4,6.4,205,141.7
10,1969,Suwa,21.1,11.3,-1.6,56,176.8
11,1969,Suwa,19.9,6.3,-5.9,32,171.8
12,1969,Suwa,13.2,0.5,-9.7,51.5,198.8
1,1970,Suwa,8.1,-3.3,-15.5,49.5,200.9
2,1970,Suwa,14.6,-0.9,-15.2,77.5,186.6
3,1970,Suwa,15.7,-0.8,-11.1,36.5,219.2
4,1970,Suwa,21.5,9.1,-3.6,71,173.7
5,1970,Suwa,26.2,15.8,2.2,62.5,234.5
6,1970,Suwa,29.5,17.1,7.1,342.5,133.9
7,1970,Suwa,32.8,22.3,14.4,142.5,176.3
8,1970,Suwa,32.5,23,15.1,94.5,204.7
9,1970,Suwa,31.4,20,9.9,191.5,127.1
10,1970,Suwa,22.9,11.7,-2,85,146.3
11,1970,Suwa,17.5,6,-4.3,67.5,177.8
12,1970,Suwa,14.5,0.5,-10.1,49.5,177
1,1971,Suwa,7.1,-2.3,-12.9,4.5,211.3
2,1971,Suwa,14.4,-0.7,-14.1,38,177
3,1971,Suwa,22.9,2.1,-11.9,80,225.5
4,1971,Suwa,22.6,9,-3,126,234.2
5,1971,Suwa,28.5,14.2,3.4,122.5,206.7
6,1971,Suwa,30.1,18.4,8.8,136,146.1
7,1971,Suwa,32.7,22.8,14.8,186,178
8,1971,Suwa,32,22.9,14.8,121.5,204.6
9,1971,Suwa,27.6,17.7,5.9,325,104.3
10,1971,Suwa,19.3,11,-0.6,116.5,127.1
11,1971,Suwa,17.6,5.7,-4.3,18,165.5
12,1971,Suwa,13.3,1.6,-7.4,68.5,178.5
1,1972,Suwa,13.2,0.7,-9.4,71,158.8
2,1972,Suwa,12.4,-0.6,-12.7,90,146.1
3,1972,Suwa,19.4,3.8,-8.5,130.5,222.9
4,1972,Suwa,26.1,9.1,-6.1,113,213
5,1972,Suwa,28.4,14.5,-0.5,89,224.8
6,1972,Suwa,29.4,18.1,7.7,211.5,198.4
7,1972,Suwa,31.2,22,15.1,336,170.8
8,1972,Suwa,32.7,22.7,14.5,113,207.3
9,1972,Suwa,31.6,18.1,5.2,147.5,175.3
10,1972,Suwa,23.6,12.6,1.6,36,184.5
11,1972,Suwa,20.7,6.5,-3.8,85.5,176.4
12,1972,Suwa,13.7,1.6,-6.3,75.5,153.8
1,1973,Suwa,11.3,-0.5,-9.8,98,183.9
2,1973,Suwa,12.4,0.7,-9.5,54.5,168.6
3,1973,Suwa,15,1.8,-9.6,20,226.8
4,1973,Suwa,26.7,11.1,-2.8,147,188.3
5,1973,Suwa,27.2,14,0.2,86.5,255.1
6,1973,Suwa,28.9,17.3,7.9,180,161
7,1973,Suwa,33.5,23.9,14.6,54,255.2
8,1973,Suwa,33.6,24.3,17.3,102.5,202.6
9,1973,Suwa,30.4,18.1,8.5,150.5,149.4
10,1973,Suwa,24.5,11.7,0.5,169,154.6
11,1973,Suwa,18.6,5.3,-6.5,19.5,167.4
12,1973,Suwa,8.4,-0.9,-14.1,7,183.6
1,1974,Suwa,7.6,-4,-15.4,9.5,248.2
2,1974,Suwa,13.4,-1.8,-14.8,68.5,167.3
3,1974,Suwa,13.5,1.9,-9,81,196
4,1974,Suwa,22.3,10.2,-1.9,211,228.6
5,1974,Suwa,28.6,14.8,1.6,108.5,255.2
6,1974,Suwa,29.3,18.5,10,163,204.4
7,1974,Suwa,29.9,20.7,13.3,294.5,110.9
8,1974,Suwa,30.9,23.1,14.9,171.5,231.8
9,1974,Suwa,28.3,17.6,7.3,128,157.5
10,1974,Suwa,21.1,12.1,1.8,103,150.5
11,1974,Suwa,19.2,5,-5.4,32.5,195.4
12,1974,Suwa,7,0.2,-8.2,50.5,171.8
1,1975,Suwa,7.6,-2.6,-15,51.5,195.5
2,1975,Suwa,6.7,-2.5,-12.3,28,176.7
3,1975,Suwa,13.9,2.3,-10.3,60,250.3
4,1975,Suwa,22.7,9.9,-4.2,92,174.7
5,1975,Suwa,24.8,14.2,4.2,116.5,222.4
6,1975,Suwa,27.8,18.4,11.8,199.5,159.9
7,1975,Suwa,32.1,22.1,14.2,304.5,196.5
8,1975,Suwa,32.3,22.9,13.5,116,241.6
9,1975,Suwa,30,20.2,8,128.5,197.5
10,1975,Suwa,27.2,12,2.7,165.5,138.7
11,1975,Suwa,17.9,6.7,-3.5,87.5,170.9
12,1975,Suwa,12,0.5,-8.6,41,172.4
1,1976,Suwa,10.3,-1.7,-12.8,2,203.9
2,1976,Suwa,13.4,1,-12.6,123,168
3,1976,Suwa,15,3.4,-6.3,68,221.1
4,1976,Suwa,23.9,9,-3.9,99.5,176.5
5,1976,Suwa,26.9,14.2,1.5,177,205.2
6,1976,Suwa,26.4,18.2,10.8,263.5,139.6
7,1976,Suwa,31.5,20.8,11.4,212.5,168.1
8,1976,Suwa,30.8,21.6,12.1,183.5,172.7
9,1976,Suwa,27.2,17,6.8,233.5,157.3
10,1976,Suwa,22,11.9,-0.9,78,169.3
11,1976,Suwa,19.1,5.3,-5.2,26.5,163.4
12,1976,Suwa,10,0.8,-11.9,45,189.7
1,1977,Suwa,7.3,-3.7,-14.4,17,194.4
2,1977,Suwa,13.6,-2.9,-16.1,24,197.5
3,1977,Suwa,15.4,3.8,-9.1,120,175.4
4,1977,Suwa,23.7,10.3,-3.8,153,232.1
5,1977,Suwa,26.2,14.3,0.9,67.5,249.6
6,1977,Suwa,28.1,18.5,8.9,195,157
7,1977,Suwa,32.5,22.9,16.3,222,232.2
8,1977,Suwa,33.2,21.9,14.1,106.5,134.3
9,1977,Suwa,30.2,19.6,8.9,126,173.8
10,1977,Suwa,23.1,13,0.7,58.5,218
11,1977,Suwa,22.9,8.4,-3.5,109,161.5
12,1977,Suwa,11.4,2.3,-9.1,45,185.6
1,1978,Suwa,11.4,-0.9,-12,12,153
2,1978,Suwa,11.6,-2.5,-14,37.5,182.5
3,1978,Suwa,14.4,1.9,-8.3,23.5,234.2
4,1978,Suwa,25.6,8.3,-4.8,86.5,197.2
5,1978,Suwa,29.2,15.6,2.1,74,219.8
6,1978,Suwa,30.7,19.6,4.1,280.5,171.1
7,1978,Suwa,32.9,24.1,16.7,97.5,248.5
8,1978,Suwa,33.1,24,14.5,30,268.1
9,1978,Suwa,28.7,18.4,9.8,164,126.1
10,1978,Suwa,24.5,11.6,1.4,182.5,199.5
11,1978,Suwa,16.4,6.4,-3.6,75,183.4
12,1978,Suwa,13.8,1.1,-11.8,38.5,185
1,1979,Suwa,11.8,-0.1,-10.8,33,212.9
2,1979,Suwa,14.2,2.6,-7.7,83,177.5
3,1979,Suwa,21.1,3.6,-8.2,68,220.4
4,1979,Suwa,21.6,8.7,-3.9,138,204.9
5,1979,Suwa,26.9,13.5,1.7,68,250.7
6,1979,Suwa,31.7,20.2,9,126.5,181
7,1979,Suwa,32.7,21.4,13.1,182,179.8
8,1979,Suwa,32.9,23.2,16.9,190.5,189.3
9,1979,Suwa,28.4,19.4,10.6,158,146.3
10,1979,Suwa,26.5,13.5,3.5,148,195.3
11,1979,Suwa,20.2,8.3,-3.4,169.5,170.4
12,1979,Suwa,16.1,2.6,-7.5,16,182
1,1980,Suwa,12.8,-1.7,-16,52.5,169.5
2,1980,Suwa,12.3,-2.1,-11.9,7,218.7
3,1980,Suwa,16.9,2.4,-7.4,112,219.3
4,1980,Suwa,21.1,8.2,-2.3,183.5,210.7
5,1980,Suwa,28.1,14.7,0.6,142.5,233.9
6,1980,Suwa,29.6,19.9,11.3,126.5,175
7,1980,Suwa,32.4,21.2,14.3,338,144.6
8,1980,Suwa,29.9,21.6,16.6,201.5,139.4
9,1980,Suwa,27.8,17.9,8,127,159.3
10,1980,Suwa,24.3,12.4,-0.3,184.5,156.5
11,1980,Suwa,19.4,6.6,-3.4,94.5,181.6
12,1980,Suwa,14.6,-0.1,-11,27.5,181.5
1,1981,Suwa,5,-4.6,-14.3,6,221.4
2,1981,Suwa,12,-3.2,-23,48.5,170.7
3,1981,Suwa,17.8,2.8,-13.4,78,214.5
4,1981,Suwa,23.5,9,-3.7,126,221.5
5,1981,Suwa,26.8,13.6,2.3,133,234.2
6,1981,Suwa,27.5,18.3,5.7,149,160.9
7,1981,Suwa,31.8,22.8,16.4,370.5,212.6
8,1981,Suwa,33.2,22.1,12.2,191.5,179.4
9,1981,Suwa,31.5,17.4,8.2,157,174.9
10,1981,Suwa,20.1,11.3,0.8,124,187.3
11,1981,Suwa,14.9,4.4,-5.5,82.5,156.9
12,1981,Suwa,11.5,0.5,-9.3,11,219
1,1982,Suwa,9.5,-1.5,-13.2,16,207
2,1982,Suwa,10.9,-2.3,-13.8,25.5,201.1
3,1982,Suwa,20.6,3.7,-9.6,76,235.3
4,1982,Suwa,23.9,9,-3.1,58.5,213.4
5,1982,Suwa,29.3,16.5,3.8,84.5,268.1
6,1982,Suwa,27.3,17.5,7.2,172,192.8
7,1982,Suwa,28.9,20,12.8,207,150.4
8,1982,Suwa,30.2,22.4,16.3,224,181.9
9,1982,Suwa,29,17.6,10.1,335.5,116.1
10,1982,Suwa,22.6,11.7,-1.6,48,181.5
11,1982,Suwa,20.3,8.4,-4.3,138.5,155
12,1982,Suwa,14.7,2.2,-7,24.5,179
1,1983,Suwa,12.6,-1.1,-13.8,29,191.8
2,1983,Suwa,6.4,-1.8,-11.5,35,182
3,1983,Suwa,16.8,2.7,-7.8,87,171.3
4,1983,Suwa,26.9,11.6,0.4,173,177.9
5,1983,Suwa,29.6,15.7,4.4,148,267
6,1983,Suwa,27.7,17.6,8.2,105,214
7,1983,Suwa,32,21.3,13,257.5,165.4
8,1983,Suwa,32.4,24.1,17.9,181,195.1
9,1983,Suwa,32.1,19.4,12.1,389,131.1
10,1983,Suwa,23.8,12,-1.2,75,187.3
11,1983,Suwa,17.2,5.4,-6.3,25.5,174.9
12,1983,Suwa,12.4,-0.4,-10.4,22,222.8
1,1984,Suwa,5.8,-5.4,-20.9,45.5,199.2
2,1984,Suwa,4.1,-5.3,-22,36.5,199.5
3,1984,Suwa,14.3,-1.9,-16.5,39,209.9
4,1984,Suwa,23.8,8.3,-5.3,47.5,215.5
5,1984,Suwa,26.9,14.8,3.4,55.5,247.1
6,1984,Suwa,29.2,19.7,11.5,209,168
7,1984,Suwa,32.1,23.1,16.9,104,199.9
8,1984,Suwa,32.9,24.4,13.6,33.5,252.1
9,1984,Suwa,31.1,18.4,8.1,41,162.4
10,1984,Suwa,25.9,11.7,-1.8,26,179.5
11,1984,Suwa,19.4,6.1,-5.2,48,192.6
12,1984,Suwa,13.6,0.8,-9.2,30.5,179.5
1,1985,Suwa,6.3,-3.7,-18,15.5,210.7
2,1985,Suwa,9.7,-0.1,-10.2,64.5,165.8
3,1985,Suwa,15.8,3.5,-4.6,131,153.2
4,1985,Suwa,24.3,10.4,-4.9,120.5,226.8
5,1985,Suwa,27,15.9,4.7,63,223.4
6,1985,Suwa,28.8,18,8.7,370.5,151.3
7,1985,Suwa,33.2,22.6,12.8,182.5,211.7
8,1985,Suwa,33.1,24.7,16,38.5,262.4
9,1985,Suwa,33.2,19.4,11.9,261.5,148.9
10,1985,Suwa,22.5,12.2,1.7,91.5,152.6
11,1985,Suwa,18.4,6.8,-3.5,52,167.5
12,1985,Suwa,12.5,0.7,-10.5,18,178
1,1986,Suwa,8.2,-3.3,-13.7,10,202.3
2,1986,Suwa,9,-3.1,-11.7,15,197.4
3,1986,Suwa,14.6,2.3,-8.7,82.5,209.8
4,1986,Suwa,26,9.7,-5.4,51.5,204.6
5,1986,Suwa,26.5,14,3.1,100,204.6
6,1986,Suwa,28.8,18.6,8.5,101.5,173
7,1986,Suwa,33.2,21.7,15.7,225.5,120.9
8,1986,Suwa,31.8,23.4,14.6,121,240.7
9,1986,Suwa,30.9,19.5,9,97,169.3
10,1986,Suwa,25.4,11.2,-0.8,63,175
11,1986,Suwa,17.5,6.4,-5.1,30.5,168.1
12,1986,Suwa,12,2,-8.7,65,174.1
1,1987,Suwa,13.2,-0.8,-10.6,57.5,195.5
2,1987,Suwa,17.6,0,-11,50.5,174
3,1987,Suwa,18.4,3.8,-10.1,96,181.5
4,1987,Suwa,25.6,9.9,-5.2,11,237.9
5,1987,Suwa,27.8,14.9,1.1,139.5,197.2
6,1987,Suwa,31.6,19.3,10.8,128,208.3
7,1987,Suwa,32.6,23.3,16.4,133.5,156.2
8,1987,Suwa,33.2,24,16.7,94,178
9,1987,Suwa,29.7,19.2,8.7,143.5,149.9
10,1987,Suwa,24.9,14.1,3.2,45.5,155.9
11,1987,Suwa,19.9,7,-3.7,49.5,157.4
12,1987,Suwa,15.9,1.7,-9.8,16.5,189.7
1,1988,Suwa,14.3,0.9,-8.7,19,170.9
2,1988,Suwa,10.2,-1.9,-10.9,16,162.8
3,1988,Suwa,15.8,2.4,-7.7,100,149.8
4,1988,Suwa,23.4,8.7,-3.2,81.5,188.1
5,1988,Suwa,27.2,13.7,0.9,122,198.1
6,1988,Suwa,29,18.9,9,233,159
7,1988,Suwa,31.3,21.2,13.7,185.5,116.9
8,1988,Suwa,32.2,23.5,14.9,146,145.2
9,1988,Suwa,27.8,19.5,13.5,491.5,106.3
10,1988,Suwa,22.2,11.5,-0.9,52,166.9
11,1988,Suwa,15.5,4.4,-5.8,43,177.5
12,1988,Suwa,12.3,0.5,-9.7,8,174.1
1,1989,Suwa,12.3,1,-11.7,117.5,143.1
2,1989,Suwa,10.7,1.4,-9,182,134.8
3,1989,Suwa,16.9,3.6,-5.8,95.5,189.5
4,1989,Suwa,23.1,9.7,-1.1,99.5,219.4
5,1989,Suwa,25.3,13.6,3.5,157.5,159.9
6,1989,Suwa,29.2,17.8,8.9,213,150.4
7,1989,Suwa,30.3,21.3,13.4,322.5,150.3
8,1989,Suwa,32.1,23.3,15.9,163,201.2
9,1989,Suwa,29.9,20.1,11.4,242.5,120
10,1989,Suwa,22.9,12.1,0.4,116.5,176
11,1989,Suwa,19.9,7.4,-2.7,57,142.5
12,1989,Suwa,15.9,1.3,-8,28,191.9
1,1990,Suwa,10,-1.7,-12,59,164.5
2,1990,Suwa,16.1,2.3,-10.3,125.5,112.6
3,1990,Suwa,17.4,4.2,-5.1,96,207.9
4,1990,Suwa,22.8,9.6,-1.3,69.5,190.9
5,1990,Suwa,27.1,14.5,3.9,88,209.6
6,1990,Suwa,32.1,20.3,11.6,68.5,176.8
7,1990,Suwa,33.3,23.4,15.5,138,207.7
8,1990,Suwa,33.7,24.5,15.1,56,243.6
9,1990,Suwa,31.7,20.1,11.4,221,134.9
10,1990,Suwa,23.9,13.2,4.3,121.5,146.5
11,1990,Suwa,20,8.4,-2.2,119.5,165.2
12,1990,Suwa,18.8,2.4,-10,20,195.6
1,1991,Suwa,8,-1.4,-13.1,32,184.9
2,1991,Suwa,10.8,-1.7,-10.8,54,163
3,1991,Suwa,18.6,4.5,-7,133,164.6
4,1991,Suwa,23.3,11,-1.4,107.5,195.4
5,1991,Suwa,29.1,14.9,-0.2,55.5,197.3
6,1991,Suwa,31.4,20.2,10.7,208.5,142
7,1991,Suwa,32.4,22.7,16.7,194,137.2
8,1991,Suwa,32.2,23.3,15.1,138.5,199.1
9,1991,Suwa,31,20.4,11.4,242.5,149
10,1991,Suwa,24.7,13.4,2.7,286.5,114.7
11,1991,Suwa,16.2,6.5,-3.3,94,167.5
12,1991,Suwa,12.6,2.3,-10.5,43.5,153
1,1992,Suwa,9.3,0.3,-9,26,183.4
2,1992,Suwa,15.8,0,-12.6,28.5,189.3
3,1992,Suwa,19.3,4.7,-5.7,136,149.1
4,1992,Suwa,24.8,10.1,-0.7,146,204.3
5,1992,Suwa,24.1,12.9,1.2,102,165.7
6,1992,Suwa,29.7,18.2,10.1,132.5,162.8
7,1992,Suwa,33.8,22.7,12.5,108,204.4
8,1992,Suwa,32.9,23.6,16.5,76.5,182.1
9,1992,Suwa,32.7,18.9,4.2,41,182.9
10,1992,Suwa,26.3,12.8,1.5,150,149.1
11,1992,Suwa,18.4,7,-3.9,74,171.5
12,1992,Suwa,14.4,2.7,-9.4,56.5,165.2
1,1993,Suwa,11.1,0.4,-9,86,138.8
2,1993,Suwa,16.9,0.9,-10.7,74,183.2
3,1993,Suwa,16.8,3,-6.4,41.5,212.2
4,1993,Suwa,24.3,8.4,-4.2,40,218.9
5,1993,Suwa,27.6,14.3,0.9,106.5,210
6,1993,Suwa,29.9,18.4,8.7,203.5,143.4
7,1993,Suwa,30.1,20.7,12.4,287,100.8
8,1993,Suwa,31.3,21.8,14.1,264.5,116
9,1993,Suwa,29.8,18.5,9,210,111.5
10,1993,Suwa,23.7,11.8,-2.4,130,170.1
11,1993,Suwa,19.3,8,-3.7,62.5,164.4
12,1993,Suwa,15.2,1.9,-7.6,66.5,177.7
1,1994,Suwa,11.4,-0.8,-12.6,36,191.7
2,1994,Suwa,10.3,-1.2,-11.3,43,183.3
3,1994,Suwa,16.2,2.3,-7.4,48,207.9
4,1994,Suwa,23.7,11,-2.5,51.5,217.5
5,1994,Suwa,27.1,15.7,3.8,66,217.9
6,1994,Suwa,30,19.5,9.7,131,149.6
7,1994,Suwa,34.6,25.3,17.6,59,230.2
8,1994,Suwa,35.5,25.5,16.3,92,263.1
9,1994,Suwa,32.4,20.7,7.8,171.5,157
10,1994,Suwa,26.3,14.9,5.8,71.5,148.2
11,1994,Suwa,20.7,7.5,-3.7,31.5,178.2
12,1994,Suwa,16.5,2.6,-8.9,20.5,161.3
1,1995,Suwa,9.2,-1.2,-10.6,75.5,183.3
2,1995,Suwa,10.3,-0.5,-9.5,14.5,210.7
3,1995,Suwa,16.8,3.6,-6.7,61,177.3
4,1995,Suwa,21.4,9.6,-3.9,92,185.3
5,1995,Suwa,26.7,15.3,4.9,138.5,185.6
6,1995,Suwa,28.4,17.9,7.7,87.5,133.8
7,1995,Suwa,34.3,22.8,16.8,318,140.9
8,1995,Suwa,35.5,25.5,17.6,62.5,252.1
9,1995,Suwa,28.9,18.2,9.1,160,135.9
10,1995,Suwa,26.2,13.6,2.3,61.5,188.8
11,1995,Suwa,16,5.3,-4.8,34.5,200.1
12,1995,Suwa,11.7,-0.2,-10.8,3,204.9
1,1996,Suwa,13.2,-0.8,-11.4,30,177.2
2,1996,Suwa,17,-2,-14.3,35,177.1
3,1996,Suwa,19.6,3.1,-10.5,141.5,206.5
4,1996,Suwa,26,7.5,-4.3,23.5,242
5,1996,Suwa,28,14.5,2.7,83,219.6
6,1996,Suwa,29.2,19.7,8,156.5,148.2
7,1996,Suwa,33.7,23.3,14.5,120.5,217.7
8,1996,Suwa,33.7,23.4,15.5,152,205.3
9,1996,Suwa,30.3,17.8,5.1,193,164
10,1996,Suwa,23.3,12.4,0.6,111,183.5
11,1996,Suwa,17.9,7.5,-3,96,130.2
12,1996,Suwa,12.4,2,-7.3,73.5,204.5
1,1997,Suwa,11,-1.5,-11.9,21,196.4
2,1997,Suwa,14.5,-0.9,-12.5,18,209.2
3,1997,Suwa,18.2,4.5,-6.1,87.5,181
4,1997,Suwa,25.9,10,-1.1,110,164.7
5,1997,Suwa,29.3,15.4,3.1,125.5,197.1
6,1997,Suwa,32.5,19,8.6,92.5,156.2
7,1997,Suwa,31,22.4,16.2,246,141
8,1997,Suwa,33.4,24,16.3,98,216.4
9,1997,Suwa,32.1,18.9,5.4,244.5,124
10,1997,Suwa,23.9,11.7,-1.6,5,228.1
11,1997,Suwa,18.3,7.9,-2.7,151.5,165.5
12,1997,Suwa,12.2,2.3,-7,47,159.5
1,1998,Suwa,9,-1.7,-12.4,108.5,152.1
2,1998,Suwa,15.1,-0.1,-13.5,86.5,151.2
3,1998,Suwa,22.4,4.2,-7.6,81,219.6
4,1998,Suwa,27.5,13.1,-1.6,205.5,156.3
5,1998,Suwa,29.1,17.1,7,191,177.8
6,1998,Suwa,30.3,19,9.1,190.5,128.3
7,1998,Suwa,32.5,23.1,14.6,29,163.1
8,1998,Suwa,31.2,23.8,18.3,191,140.4
9,1998,Suwa,28.7,20.4,13,214.5,126.6
10,1998,Suwa,26,15,5.9,181.5,128.9
11,1998,Suwa,19.8,7.1,-2.8,11.5,191
12,1998,Suwa,14.1,2.8,-5.8,29.5,190.6
1,1999,Suwa,10.2,-0.6,-9.9,12,199.5
2,1999,Suwa,12.1,-0.7,-12.4,35.5,187.1
3,1999,Suwa,18.2,4.8,-8.4,89.5,180.9
4,1999,Suwa,23.1,9.9,-4,80.5,186.7
5,1999,Suwa,26.7,15.4,2.8,107,238.2
6,1999,Suwa,28.8,19.1,9.3,334.5,154.7
7,1999,Suwa,32.2,22.6,13.9,160,165.5
8,1999,Suwa,32.1,24,17.9,112.5,179.3
9,1999,Suwa,30.3,21.5,13.5,300,133.1
10,1999,Suwa,28.2,13.6,1.3,80.5,164.1
11,1999,Suwa,19.7,7.5,-2.9,67,152.5
12,1999,Suwa,13.2,1.5,-8.6,1,183.3
1,2000,Suwa,13.1,0.6,-11.4,38,156.6
2,2000,Suwa,9,-1.8,-12.2,18.5,192.7
3,2000,Suwa,15.6,2.5,-9.9,105.5,208
4,2000,Suwa,20.1,9,-2.1,80.5,209.8
5,2000,Suwa,30.1,16.1,4.5,64,194.4
6,2000,Suwa,30.4,19.2,8.6,210.5,147.8
7,2000,Suwa,34.8,23.2,14.9,86.5,191.5
8,2000,Suwa,32.6,24.2,18.2,139,231.6
9,2000,Suwa,30.5,19.7,6.5,268.5,150.7
10,2000,Suwa,25.6,13.9,2.8,100.5,134
11,2000,Suwa,20.4,8,-3.8,125.5,143.5
12,2000,Suwa,11.3,1.7,-8.5,15.5,169.7
1,2001,Suwa,7.1,-2.8,-17.8,101.5,144.7
2,2001,Suwa,11.5,-2.3,-15.3,46,167.8
3,2001,Suwa,17.8,3.2,-7.9,84,172.3
4,2001,Suwa,24.2,10.1,-7.3,20.5,238.8
5,2001,Suwa,29,15.8,1.5,148,212.6
6,2001,Suwa,30.1,19.5,8.6,216.5,155.9
7,2001,Suwa,34.8,25.1,17.7,8.5,254.5
8,2001,Suwa,34.3,23.6,17,110,181
9,2001,Suwa,29.4,18.9,4.8,112.5,158.5
10,2001,Suwa,23.3,12.8,2.9,180,172
11,2001,Suwa,16.6,6.2,-2.7,61.5,192.5
12,2001,Suwa,12.5,0.9,-8.6,36.5,187.2
1,2002,Suwa,11.7,-0.2,-10.6,69,162.1
2,2002,Suwa,15.3,0.8,-9.6,22.5,162.2
3,2002,Suwa,18.2,5.7,-5.2,76,214.7
4,2002,Suwa,25.3,11.6,0.5,93.5,176
5,2002,Suwa,26.2,15,6.5,81,190.5
6,2002,Suwa,29.8,19,9.6,76.5,185.4
7,2002,Suwa,33.7,24.5,16.8,193,187.1
8,2002,Suwa,34.2,24.1,11.8,63,240.3
9,2002,Suwa,32.1,18.9,7.5,121.5,135.4
10,2002,Suwa,25.2,12.9,-0.8,140,196.4
11,2002,Suwa,15.8,4.9,-3.8,31,160.4
12,2002,Suwa,12,0.8,-10.8,81,125.7
1,2003,Suwa,9,-2.7,-16.6,93.5,187.7
2,2003,Suwa,10.9,-0.4,-10.1,41,174.4
3,2003,Suwa,18.6,2.2,-8.9,86,206.7
4,2003,Suwa,26.5,10.9,-1.5,169.5,165.1
5,2003,Suwa,27.4,15.6,2.4,114.5,210.6
6,2003,Suwa,28.5,19.3,7.5,84,148.4
7,2003,Suwa,29.7,20.7,14.4,154.5,103.1
8,2003,Suwa,32.9,23.2,15.8,271,155.6
9,2003,Suwa,32.3,20.4,6.5,152,186.8
10,2003,Suwa,22.6,12,2.3,71,150.8
11,2003,Suwa,22.1,9.6,-1.2,182.5,125.6
12,2003,Suwa,11.9,2.1,-9,16.5,175.2
1,2004,Suwa,9.7,-1.9,-11.5,25,215.1
2,2004,Suwa,15.3,1.3,-10.1,56,201.4
3,2004,Suwa,19.4,3.7,-9.5,66.5,197.3
4,2004,Suwa,27.4,11.2,-0.2,87.5,247.9
5,2004,Suwa,28.3,16.2,7,255,171.1
6,2004,Suwa,29.6,20.1,9.4,130,179.1
7,2004,Suwa,33.3,24.6,17.3,43,242.4
8,2004,Suwa,32.1,23,15.6,223.5,194.3
9,2004,Suwa,29.4,20.8,13.7,179,136.5
10,2004,Suwa,24.4,12.9,3.1,350.5,145
11,2004,Suwa,19,8.6,-0.8,44,180.6
12,2004,Suwa,18,3,-6.1,75,197.8
1,2005,Suwa,7.1,-1.5,-12.3,21.5,182.8
2,2005,Suwa,10.2,-0.3,-8.5,31,167.7
3,2005,Suwa,16.4,3,-7.8,70.5,210.3
4,2005,Suwa,25.8,10.6,-2.3,37.5,239.5
5,2005,Suwa,26.3,14.5,2.6,61,233.2
6,2005,Suwa,31.2,20.8,11.4,132.5,178.6
7,2005,Suwa,32.8,22.9,17.1,206.5,153.1
8,2005,Suwa,32.9,23.9,16.8,83,165.8
9,2005,Suwa,31.8,21.1,10.9,63,157.9
10,2005,Suwa,26.1,14.4,5.2,68.5,139.4
11,2005,Suwa,17,6.2,-3.9,41,190
12,2005,Suwa,8,-1.2,-10.7,10,173.7
1,2006,Suwa,12.9,-2.1,-11.8,17.5,175.8
2,2006,Suwa,17.2,0.9,-10.3,100,155
3,2006,Suwa,15.5,3.4,-6.4,85,200.3
4,2006,Suwa,20.6,8.6,-2.6,85,162.2
5,2006,Suwa,26.5,15.3,2.1,84.5,170.1
6,2006,Suwa,30.2,19.6,11.6,108.5,160.8
7,2006,Suwa,32.5,22.7,16.6,506.5,117.6
8,2006,Suwa,33,24.6,17.2,83,231.1
9,2006,Suwa,30.3,19.2,9.6,145,148
10,2006,Suwa,22.4,14.3,7.3,163,182.3
11,2006,Suwa,18.6,7.9,-3,102.5,159.8
12,2006,Suwa,12.1,2.4,-6.8,65,151.2
1,2007,Suwa,9.7,-0.1,-9.4,37,188.4
2,2007,Suwa,14.3,2.2,-8.1,43.5,192.5
3,2007,Suwa,17.6,3.9,-5.9,86,221.4
4,2007,Suwa,23.8,8.8,-1.4,30,198.5
5,2007,Suwa,27.7,14.8,4.4,140.5,247.4
6,2007,Suwa,30.4,19.2,8.9,113,162.2
7,2007,Suwa,30.4,21.5,16.1,265,109.3
8,2007,Suwa,33.2,24.7,17.4,35,241.2
9,2007,Suwa,31.5,21.6,12.2,126,149.8
10,2007,Suwa,23.8,13.2,2.7,134.5,155.4
11,2007,Suwa,17.3,7,-4.6,17.5,159.7
12,2007,Suwa,12.1,2.6,-5.3,49,140.7
1,2008,Suwa,11.2,-1.3,-13.2,39.5,182.1
2,2008,Suwa,11.1,-3.1,-16.3,40.5,194.4
3,2008,Suwa,17.6,4.8,-8.1,75,210.9
4,2008,Suwa,26,10.2,-2.2,112,196
5,2008,Suwa,27.2,15.1,5.3,164.5,192.9
6,2008,Suwa,27.3,18.6,8.9,247.5,147.7
7,2008,Suwa,33.6,23.8,13.1,148,220.3
8,2008,Suwa,33.2,23.5,17,172.5,197.5
9,2008,Suwa,29.2,19.4,8.3,119.5,139.2
10,2008,Suwa,23.7,13.4,2.3,61.5,173
11,2008,Suwa,18.7,6.6,-2.2,35,141.8
12,2008,Suwa,14.2,2.8,-7.9,41.5,190
1,2009,Suwa,12.5,-0.6,-10.5,47.5,182.1
2,2009,Suwa,17.1,2,-7.6,62.5,171.9
3,2009,Suwa,19.5,4,-4.6,113,212
4,2009,Suwa,23,10.6,-1.6,82.5,251.1
5,2009,Suwa,29.4,15.5,3.9,85,163.6
6,2009,Suwa,30.8,19,7.7,138.5,166.9
7,2009,Suwa,30.9,22.3,16.2,252,93.8
8,2009,Suwa,31.6,23,15.1,179.5,186.1
9,2009,Suwa,29.3,18.7,8.8,88,169
10,2009,Suwa,23.5,12.8,3.2,135.5,161.5
11,2009,Suwa,22.5,7.2,-1.3,134,139.1
12,2009,Suwa,11.3,2.2,-7.7,34.5,160.3
1,2010,Suwa,13.3,-0.4,-10.3,25.5,202.6
2,2010,Suwa,17.3,1.4,-8.3,92,128.1
3,2010,Suwa,21.1,4.3,-6.7,159.5,132.2
4,2010,Suwa,21.7,8.1,-2.1,122,166.8
5,2010,Suwa,28.9,14.4,3.2,152,215
6,2010,Suwa,29.2,19.8,10.5,182.5,161.5
7,2010,Suwa,33.7,24,17,229,186.8
8,2010,Suwa,33.2,25.6,20.6,83,216.6
9,2010,Suwa,32.9,21.2,7.3,233.5,179
10,2010,Suwa,23.8,14.3,2.4,122,128.7
11,2010,Suwa,17.5,6.3,-2.9,49.5,169.3
12,2010,Suwa,14.9,2.9,-7.6,53.5,168.5
1,2011,Suwa,5,-2.7,-10.7,1,216.6
2,2011,Suwa,13.6,0.9,-9,87.5,184
3,2011,Suwa,16.1,1.9,-7.7,68,225.6
4,2011,Suwa,22.5,8.7,-3.7,105.5,228
5,2011,Suwa,29.4,14.8,5.2,239.5,188.1
6,2011,Suwa,31.8,20,11.2,88.5,143.1
7,2011,Suwa,34,24.3,16.3,153.5,179.4
8,2011,Suwa,33.4,23.8,16.9,262.5,175.9
9,2011,Suwa,30.8,20,8.2,289,177.8
10,2011,Suwa,23,13.2,2,91,192.6
11,2011,Suwa,20.3,8.7,-1.6,74.5,154.4
12,2011,Suwa,12.3,1.3,-9.2,7,180.1
1,2012,Suwa,6.2,-2.2,-11.3,20.5,179.9
2,2012,Suwa,9.9,-1.3,-13.9,105.5,149
3,2012,Suwa,16.9,3.4,-6.1,129.5,168.1
4,2012,Suwa,26.9,9.7,-4.8,81,185.8
5,2012,Suwa,25,14.6,2.7,107.5,205.7
6,2012,Suwa,28.3,18.9,12.4,135.5,174.1
7,2012,Suwa,33.4,23.5,17.3,270.5,171.6
8,2012,Suwa,32.7,24.8,17.1,110.5,253.5
9,2012,Suwa,30.2,21.3,9.5,113,181.5
10,2012,Suwa,24.1,13.4,3.9,82,200.7
11,2012,Suwa,17.2,6.1,-3.2,74.5,182.9
12,2012,Suwa,11.1,0.4,-9.4,48.5,164.3
1,2013,Suwa,7.1,-2.5,-12.3,41.5,206.3
2,2013,Suwa,10.7,-1.6,-14.4,69,179.3
3,2013,Suwa,19.2,5.7,-6.6,54,231.5
4,2013,Suwa,23.9,9.2,-2.4,105,222.3
5,2013,Suwa,28.3,15.3,0.9,61,281.6
6,2013,Suwa,29.8,20,12.3,168.5,143.1
7,2013,Suwa,33.5,23.7,15.9,138.5,193.6
8,2013,Suwa,34.4,24.7,15.6,222.5,236.3
9,2013,Suwa,30.2,19.9,8,206.5,184.7
10,2013,Suwa,26.8,15,2.9,146.5,138.1
11,2013,Suwa,18,6.6,-3.3,55,176.9
12,2013,Suwa,11,1,-8.3,36,163.5
1,2014,Suwa,9,-1.6,-10,35.5,206.9
2,2014,Suwa,12.8,-1.6,-10.9,58.5,188.8
3,2014,Suwa,18.6,3.7,-9.6,131.5,194.6
4,2014,Suwa,22.5,9.7,-3.3,46.5,227.8
5,2014,Suwa,28.6,15.4,3.3,59.5,267.1
6,2014,Suwa,31.7,19.9,10.9,116.5,172.5
7,2014,Suwa,33.4,23.2,16.7,318,190.5
8,2014,Suwa,32.5,23.2,17.6,186,117
9,2014,Suwa,27.9,18.1,6.9,55,181.3
10,2014,Suwa,24.5,13.2,0.3,174,172.4
11,2014,Suwa,20.6,7.9,-2.5,91,142.6
12,2014,Suwa,12.3,0.4,-11,97.5,148.9
1,2015,Suwa,8,-1.4,-10.5,58,179.7
2,2015,Suwa,13.9,-0.1,-11.2,16,182.1
3,2015,Suwa,21.2,4.9,-4.2,62.5,191.3
4,2015,Suwa,26.5,11,0.1,140,154.2
5,2015,Suwa,30.1,17.3,3.4,51.5,253.9
6,2015,Suwa,28.4,18.8,9.2,172.5,173.1
7,2015,Suwa,33.9,23.3,15.6,138.5,179.2
8,2015,Suwa,33.8,23.8,15.9,194.5,172.9
9,2015,Suwa,28.9,18.6,8.7,256,150.6
10,2015,Suwa,23.6,13.1,1.9,39,237.2
11,2015,Suwa,18.6,9.3,-1,138.5,129.8
12,2015,Suwa,19.7,3.9,-6.5,39.5,162.7
1,2016,Suwa,14.2,-0.3,-13,83,188.6
2,2016,Suwa,17.5,0.9,-9,85.5,194.7
3,2016,Suwa,20.3,5,-6.9,56.5,218.7
4,2016,Suwa,24.5,11.8,-1.8,121,191.6
5,2016,Suwa,28.6,17,5.5,79.5,221.9
6,2016,Suwa,28.4,19.3,5.8,180.5,162.8
7,2016,Suwa,32.2,23.5,17.8,124,195.8
8,2016,Suwa,32.7,24.2,14.3,126,194.7
9,2016,Suwa,29.7,20.9,14,414,109
10,2016,Suwa,26.2,14.2,2.3,108,162
11,2016,Suwa,18.4,6.6,-4.9,101,162.5
12,2016,Suwa,15.1,2.8,-6,81.5,180.5
1,2017,Suwa,10.9,-0.8,-10.9,21,201.9
2,2017,Suwa,11.3,-0.1,-10.1,59.5,198.3
3,2017,Suwa,14.9,3.1,-4.8,34.5,222.3
4,2017,Suwa,22.7,9.6,-2,93.5,212.4
5,2017,Suwa,30.4,16.7,3.4,64.5,226.1
6,2017,Suwa,29.7,18.4,7.1,47,222.9
7,2017,Suwa,32.9,24.4,18.4,134.5,175.9
8,2017,Suwa,32.5,24.1,17,126.5,164.4
9,2017,Suwa,27.6,18.8,9.5,102,181.9
10,2017,Suwa,26.3,13,-0.1,341,111
11,2017,Suwa,20.1,6.3,-3.3,22.5,180.8
12,2017,Suwa,11.9,0.7,-7.7,12,202.7
1,2018,Suwa,11,-1.3,-11.3,48,196.2
2,2018,Suwa,11.3,-1.1,-11.3,20.5,183.5
3,2018,Suwa,21.6,6.1,-3.6,143.5,223
4,2018,Suwa,27.1,12.3,-0.6,153.5,236.6
5,2018,Suwa,28.6,16.2,3.1,181,217.5
6,2018,Suwa,30.9,19.9,10.5,134.5,206.2
7,2018,Suwa,34.5,25.5,18.3,193.5,260.5
8,2018,Suwa,34.9,25.1,12.6,77.5,230.3
9,2018,Suwa,29.2,19.4,11.8,364.5,103.2
10,2018,Suwa,27.5,14.3,3.2,49,186.7
11,2018,Suwa,20.7,8.6,-1.2,14.5,199.4
12,2018,Suwa,16.1,2.9,-8.7,49,163.2
1,2019,Suwa,8.8,-0.8,-9.5,9.5,202.5
2,2019,Suwa,16,1.1,-8,27,184.1
3,2019,Suwa,19.9,4.6,-3.9,68,196.6
4,2019,Suwa,23.3,9.1,-3.5,54.5,197.5
5,2019,Suwa,31,15.8,0.9,83.5,274.6
6,2019,Suwa,27.9,18.8,11.5,177,162
7,2019,Suwa,33.5,22.3,16.6,250,108.5
8,2019,Suwa,34.7,25,17.9,225,199.4
9,2019,Suwa,31.3,21.3,11.9,29.5,180.3
10,2019,Suwa,26.9,15.2,7.2,266.5,121.1
11,2019,Suwa,19.9,7.7,-2.5,23.5,190.5
12,2019,Suwa,13.5,3.3,-4.8,51,144.8
1,1960,Naha,24.2,16.6,10.7,112.9,119.5
2,1960,Naha,24.4,16.9,11.2,35.4,165.5
3,1960,Naha,26.9,19.9,13.8,316.8,139.5
4,1960,Naha,27,20.3,12.6,90.4,90.8
5,1960,Naha,29.5,23.1,15.8,211.6,160.8
6,1960,Naha,31.6,26,20.7,183.8,193.6
7,1960,Naha,32.4,28.4,22.7,197.5,272.5
8,1960,Naha,31.4,27.3,24.4,232.6,180.1
9,1960,Naha,31.6,27.4,23.4,109.9,245.4
10,1960,Naha,30.4,24.7,17.8,49.1,210.6
11,1960,Naha,27.5,21.8,16.3,112.3,182.4
12,1960,Naha,23.3,17.4,8.7,182.8,120.7
1,1961,Naha,23.9,15.5,9.8,40.3,136.4
2,1961,Naha,22.7,15.2,9,71.7,85.5
3,1961,Naha,25.5,18.5,12.8,106.1,120.2
4,1961,Naha,26.5,20.8,13.6,125.8,148.2
5,1961,Naha,29.8,24.2,14.9,157.4,139.9
6,1961,Naha,31.1,27.5,22.2,101.1,278.9
7,1961,Naha,32.8,28.1,22.5,512.9,244.4
8,1961,Naha,31.9,28.2,23.7,176,267.8
9,1961,Naha,32.4,27.8,22.6,168.7,233.8
10,1961,Naha,30.5,25,20.4,277.2,221.9
11,1961,Naha,28.2,22,15.7,82.5,166.8
12,1961,Naha,24.4,18.1,11.6,134.9,99.5
1,1962,Naha,21.1,14.4,8.7,108.9,85.7
2,1962,Naha,24.5,16.3,9.2,66.9,167.7
3,1962,Naha,24.5,17,10.4,322.8,139.2
4,1962,Naha,26.2,19.1,11.8,199.4,175.5
5,1962,Naha,29,23.9,17,150.4,120.7
6,1962,Naha,31.1,26.5,22.2,239,189.6
7,1962,Naha,32.8,28.3,24.4,157.5,271.1
8,1962,Naha,32.3,27.9,23.4,114.4,285.1
9,1962,Naha,33,27.7,22.6,119.3,251.2
10,1962,Naha,31.3,24.6,19,68.7,179.2
11,1962,Naha,28,21.3,15.5,238.7,107.5
12,1962,Naha,25,17.7,12.9,157.9,162.1
1,1963,Naha,18.7,12.4,7.4,62.3,145.3
2,1963,Naha,22.4,13.5,8,48.8,146.9
3,1963,Naha,24.4,17.3,7.8,39.7,179.8
4,1963,Naha,27.6,20.8,13.5,38.6,214.5
5,1963,Naha,31.6,25.7,18.3,14.8,326.5
6,1963,Naha,32.2,26.5,21.4,75.2,220.7
7,1963,Naha,32.7,28.3,22.5,64.3,309.2
8,1963,Naha,32.6,28.4,22.6,224.3,278.1
9,1963,Naha,32.8,27.8,22,166.3,232.5
10,1963,Naha,28.8,23.5,18,40.1,203.9
11,1963,Naha,28.1,21.5,14,47.5,195.8
12,1963,Naha,24.5,18.3,12.3,147.9,126.1
1,1964,Naha,24.8,17.2,9.8,160.2,123.3
2,1964,Naha,25.8,16.3,10,61.6,88.6
3,1964,Naha,25.5,18.2,11.7,123.2,142.5
4,1964,Naha,29.7,24.2,19.1,18.4,271.3
5,1964,Naha,29.8,23.8,17,308.7,147.5
6,1964,Naha,31.9,25.3,17.4,439.3,152.8
7,1964,Naha,32.6,27.8,22,340.4,288.7
8,1964,Naha,31.9,27.6,23.1,376.1,259.4
9,1964,Naha,32.6,27.9,23.9,96.7,237.2
10,1964,Naha,30.6,25.6,20.3,102.6,193
11,1964,Naha,27.8,21.3,15.3,24.2,137.1
12,1964,Naha,24.3,18.6,13.4,230,117.7
1,1965,Naha,23.2,15.5,8.6,78.9,156.8
2,1965,Naha,23.5,16.5,10.2,96.3,97.9
3,1965,Naha,24,16.4,10.4,99.1,142.5
4,1965,Naha,27.9,20.2,13.6,132.4,150.7
5,1965,Naha,29,22.5,15.3,411.1,123.3
6,1965,Naha,30.7,25.6,20.6,515.9,121.3
7,1965,Naha,32.3,28.4,24.2,64.7,307.1
8,1965,Naha,32.3,27.6,20.7,537.8,212.7
9,1965,Naha,31.9,26.4,20.8,74.1,214.9
10,1965,Naha,29,22.9,17.4,105.8,192.4
11,1965,Naha,28.6,22.4,15.8,129.1,151
12,1965,Naha,25.8,18.2,12,120.2,122.2
1,1966,Naha,25.8,16.7,10.7,274.8,109.7
2,1966,Naha,25.6,17.8,10.3,125.6,127.1
3,1966,Naha,26.4,19.6,11.3,134.5,135.5
4,1966,Naha,28.4,21.8,14,218.3,110.1
5,1966,Naha,28.8,23,16.9,637,143
6,1966,Naha,31.3,25.3,18.2,355,142.1
7,1966,Naha,32.4,27.7,23.4,190.3,231.3
8,1966,Naha,32.7,28.4,24.8,295.6,215.3
9,1966,Naha,31.2,26.4,19.8,462.7,203.3
10,1966,Naha,27.8,23.4,18.1,38.5,234.5
11,1966,Naha,27.7,21.6,15.3,210,80.5
12,1966,Naha,25.3,18.4,10.5,233.9,70.8
1,1967,Naha,24.3,15.3,6.6,107.8,92.2
2,1967,Naha,24.6,15.7,8.6,54.6,119.5
3,1967,Naha,26.2,18.2,10.8,102.9,200.1
4,1967,Naha,28.5,22.5,15.1,133.5,168.8
5,1967,Naha,29.9,25,20.2,195.1,162.3
6,1967,Naha,32.2,26.2,19.3,472,164.4
7,1967,Naha,32.2,28.6,23.8,59.8,304.7
8,1967,Naha,32.2,28.3,24.2,136,267.7
9,1967,Naha,31.5,26.6,20.7,60.3,233.8
10,1967,Naha,28.9,23.9,17.5,305.6,164.3
11,1967,Naha,28,22.6,16.1,55.2,132.8
12,1967,Naha,23.2,15.7,9.4,97.1,96.7
1,1968,Naha,23.3,15.5,9.3,69,94.2
2,1968,Naha,22.1,13.4,9.2,110,72.8
3,1968,Naha,23.6,17.1,8.9,230.5,131.8
4,1968,Naha,25.4,19.8,13.9,119,199.9
5,1968,Naha,28.9,23.1,17.7,112.5,172.3
6,1968,Naha,31.2,24.9,18.2,256.5,150.6
7,1968,Naha,32.4,28.4,24.3,12.5,276.1
8,1968,Naha,32.2,28.1,22.4,188.5,204.5
9,1968,Naha,30.9,27,21.7,80,239
10,1968,Naha,30.2,23.8,16.6,37.5,178.1
11,1968,Naha,27,20.7,15.6,86.5,181
12,1968,Naha,25.7,19.3,11.7,95.5,163.2
1,1969,Naha,26.2,18.3,11.7,117.5,74.6
2,1969,Naha,25.7,17.8,9.2,111.5,95.6
3,1969,Naha,26.4,18.2,10.5,242,85.6
4,1969,Naha,28.4,21.7,11.6,69.5,199.5
5,1969,Naha,29.3,24.3,18.7,526.5,119.4
6,1969,Naha,30.5,24.5,17.6,602.5,82.3
7,1969,Naha,32.7,28.5,24.6,44.5,295.4
8,1969,Naha,32.5,28.1,22.7,422,298.1
9,1969,Naha,32.1,28.2,24.1,71.5,263.8
10,1969,Naha,30.3,24.2,17.6,413,193.5
11,1969,Naha,27.9,20.6,14.9,131,109.3
12,1969,Naha,26.1,17.2,10.8,30,129.1
1,1970,Naha,21.6,15.1,8.6,149.5,90.3
2,1970,Naha,26.2,17,10.3,76.5,145.9
3,1970,Naha,24.9,16.6,10.7,258.5,46.4
4,1970,Naha,26.4,19.7,13.7,164.5,119.7
5,1970,Naha,30.4,23.9,16.2,181,160
6,1970,Naha,32.2,26.1,18.7,211.5,250.4
7,1970,Naha,32.2,28.2,21.7,185,282.1
8,1970,Naha,32.5,28.5,23.8,283.5,247.3
9,1970,Naha,31.9,27.7,23.7,215.5,235.6
10,1970,Naha,30.7,25.3,17.8,98,175.2
11,1970,Naha,26.7,21.3,14.3,66,136
12,1970,Naha,25.5,18.4,12.8,201,95.4
1,1971,Naha,21.2,14.2,9.3,86.5,115.7
2,1971,Naha,23.7,15.7,8.7,22.5,103.3
3,1971,Naha,25.3,17.3,11.6,28,200.1
4,1971,Naha,26.2,21,13.5,81,153.5
5,1971,Naha,31,23.5,16.3,40.5,238.9
6,1971,Naha,33.7,28.2,22.6,180,281
7,1971,Naha,33.8,29.5,24.3,37.5,320.4
8,1971,Naha,31.9,28.1,24.2,158,284.4
9,1971,Naha,31.6,27.4,23.8,72,234.3
10,1971,Naha,30.6,24.3,17.7,210,137.5
11,1971,Naha,26.6,21,14.4,367,146.1
12,1971,Naha,25.4,18.3,13,207,88
1,1972,Naha,25.4,18.2,12.2,166.5,140.2
2,1972,Naha,24,17.1,11,291.5,82.6
3,1972,Naha,25.5,17.8,10,72,205.9
4,1972,Naha,28,20.7,12,96,124.4
5,1972,Naha,30,24.3,16.5,388,193.9
6,1972,Naha,32.6,26.9,21,340.5,236.2
7,1972,Naha,32.7,27.8,24,428.5,228.9
8,1972,Naha,31.4,27.5,24,127,269.6
9,1972,Naha,32.6,26.4,18.5,74,209.6
10,1972,Naha,29.4,24.1,17.6,6.5,212.2
11,1972,Naha,29.3,21.7,14.4,159.5,124.1
12,1972,Naha,26.9,19.1,12.2,217,106.4
1,1973,Naha,23.9,17,10.9,204.5,113.7
2,1973,Naha,25.1,18.3,11.2,205,122.3
3,1973,Naha,25.4,18.3,11.9,73.5,145.8
4,1973,Naha,29.1,22.3,14.9,152,184.5
5,1973,Naha,29,23.3,15.5,324,115.6
6,1973,Naha,31.1,25.6,17.4,168,162.5
7,1973,Naha,31.8,27.2,22.7,444.5,252
8,1973,Naha,31.7,27.2,24,62,255.9
9,1973,Naha,31.5,26.5,22.1,190,183.8
10,1973,Naha,30.3,24.5,18.8,33.5,174.5
11,1973,Naha,25.9,20,13.9,48,116.1
12,1973,Naha,22.4,15.9,9.6,59.5,133.1
1,1974,Naha,22.7,16,10.8,63,126
2,1974,Naha,23.8,16,8.9,121.5,92
3,1974,Naha,24.7,17.4,10.1,109.5,160.6
4,1974,Naha,27.8,20.4,10.4,234,169.8
5,1974,Naha,29.2,23.7,18.4,389,192.1
6,1974,Naha,30.8,25.5,19.6,240,167.6
7,1974,Naha,31.9,27.3,22.9,302,271.5
8,1974,Naha,31.9,27.8,23.3,239.5,259
9,1974,Naha,30.6,26,21.4,152.5,206.4
10,1974,Naha,29.8,25.2,17.9,381,154.4
11,1974,Naha,28.7,21.5,14.8,46,106.2
12,1974,Naha,26.4,19.2,13.7,172.5,51.7
1,1975,Naha,24.6,16.1,10.1,196,109.3
2,1975,Naha,25.2,16.2,8.9,110,122.4
3,1975,Naha,23.7,17,9.8,195,122.8
4,1975,Naha,28.4,21.6,11.4,248,191.5
5,1975,Naha,28.8,23.1,15.6,414,122.8
6,1975,Naha,30.8,25.7,19.2,527.5,188.2
7,1975,Naha,31.8,27.5,23.1,444.5,214.9
8,1975,Naha,31.1,27.3,22.8,370,200.7
9,1975,Naha,31.9,27.3,23.9,114,233.4
10,1975,Naha,30.5,25.6,21.3,298.5,153.3
11,1975,Naha,27.3,21.5,13.7,40,137.9
12,1975,Naha,25.7,17.2,11.8,84.5,81.2
1,1976,Naha,21.2,14.9,10.3,24,119.5
2,1976,Naha,25.4,17.8,11.1,61.5,128.3
3,1976,Naha,25.7,17.9,12.2,70.5,103.5
4,1976,Naha,28.2,21.8,14.1,34,182.4
5,1976,Naha,29.4,23.9,16.5,225,183.1
6,1976,Naha,31.4,26.3,19.6,188,213.5
7,1976,Naha,31.4,26.5,21.4,319.5,215
8,1976,Naha,32.4,27.8,24.1,84,267.8
9,1976,Naha,31.3,25.9,21.2,228.5,179.6
10,1976,Naha,28.8,23.6,17.4,237.5,151.7
11,1976,Naha,27,20.1,13.8,67.5,111.3
12,1976,Naha,26.1,17.8,11,57.5,141.3
1,1977,Naha,23,15.8,11,144,87.5
2,1977,Naha,24.2,14.9,7.1,43.5,91.1
3,1977,Naha,25.5,18.9,8.4,62.5,148
4,1977,Naha,28.4,21.7,13.6,48,205.9
5,1977,Naha,29.8,24.5,19,64.5,210.6
6,1977,Naha,30.8,26.4,22.1,289,172.4
7,1977,Naha,32.5,28.5,23.6,100,245.2
8,1977,Naha,32.4,28.1,23.9,145.5,265.1
9,1977,Naha,33,27.4,23.1,243,209.6
10,1977,Naha,29.9,25.1,20.3,59.5,232.2
11,1977,Naha,28.2,21.4,14.4,150,120.9
12,1977,Naha,25.6,19,13.3,117.5,135.3
1,1978,Naha,23.5,15.9,9.9,112,82.2
2,1978,Naha,25,15.5,7,76.5,111.4
3,1978,Naha,24.9,17.2,10.1,267.5,83.7
4,1978,Naha,27,20.6,11.3,281.5,150.5
5,1978,Naha,29,23.2,17.4,234.5,133.7
6,1978,Naha,30.8,26,16.7,250,193.5
7,1978,Naha,31.9,27.6,23.4,315,251.1
8,1978,Naha,30.6,26.9,22.6,515,191.1
9,1978,Naha,31.2,27.1,22.8,164.5,221.8
10,1978,Naha,30.3,24.8,17.2,298.5,174.9
11,1978,Naha,27.2,21.4,13.9,26,148.5
12,1978,Naha,25.7,18.4,12.3,115.5,145.3
1,1979,Naha,23.2,17.2,12.8,109,106
2,1979,Naha,24.6,17,10.3,121.5,123
3,1979,Naha,25.9,18.3,9.5,178.5,82.1
4,1979,Naha,27.2,20.9,14.3,273,162.6
5,1979,Naha,28.3,21.8,16.4,218.5,99.9
6,1979,Naha,31.8,26,19.2,228,223.8
7,1979,Naha,32.7,28.8,24,91.5,292.8
8,1979,Naha,31.9,27.7,23.4,406,194.5
9,1979,Naha,31.5,27.2,23.7,127,244.1
10,1979,Naha,28.7,23.5,17.8,272,182.8
11,1979,Naha,28.3,20.6,13.6,262.5,113.4
12,1979,Naha,25.4,18.7,11.1,72,167.7
1,1980,Naha,25.1,16.3,10.3,116.5,116.4
2,1980,Naha,23.3,15.1,10,107.5,84.2
3,1980,Naha,26.2,19.1,13.1,105.5,121.1
4,1980,Naha,26.2,20.5,13.8,525,97.3
5,1980,Naha,30,23.9,17,97,170.6
6,1980,Naha,32.3,27.6,22.1,20,312.5
7,1980,Naha,32.8,28.7,25,101.5,292.9
8,1980,Naha,34,28.8,24.1,89.5,244.3
9,1980,Naha,32.2,27.3,21.3,154,219.8
10,1980,Naha,30.1,24.2,16.4,203,180.7
11,1980,Naha,27.7,21.8,15,197.5,135.3
12,1980,Naha,25,16.8,11,38,143.7
1,1981,Naha,22.3,15,9.9,52,94.2
2,1981,Naha,24.9,16.3,8.8,66.5,113.8
3,1981,Naha,25.7,18.9,12.2,376,145.9
4,1981,Naha,27.9,21.6,15.3,93,194.3
5,1981,Naha,28.9,22.6,16.6,198,161.4
6,1981,Naha,32.3,26.1,18.7,43,250.9
7,1981,Naha,33.4,28.1,23.3,167.5,275.8
8,1981,Naha,33.1,28.6,24.2,181,302.4
9,1981,Naha,31.7,26.8,23.3,62,237.2
10,1981,Naha,30.6,24.5,17.1,137.5,198.3
11,1981,Naha,28.2,21.1,15.6,71,134.3
12,1981,Naha,23.3,17.3,12.2,76.5,132.8
1,1982,Naha,24.1,15.6,9.7,68,145.8
2,1982,Naha,23.2,16.9,11,140,79.8
3,1982,Naha,26.3,19.8,11.4,98,167.7
4,1982,Naha,25.5,20.2,14.2,123.5,192.1
5,1982,Naha,30.1,24.7,17.8,268.5,213.9
6,1982,Naha,30.4,25.5,18.3,269,121.1
7,1982,Naha,33,28.6,21.2,86,289.5
8,1982,Naha,32.6,28,23.3,195.5,232.4
9,1982,Naha,31.8,26.7,21,299.5,240.1
10,1982,Naha,29.3,24.2,17.7,49,220
11,1982,Naha,27.6,22.5,15.7,199,167.4
12,1982,Naha,25,18.1,12.4,180.5,126.5
1,1983,Naha,23.4,17.1,10.9,163.5,103.5
2,1983,Naha,23.9,15.9,10.4,176.5,62.5
3,1983,Naha,25.9,18.4,10.7,420,92.8
4,1983,Naha,29.4,23,14,143.5,169.8
5,1983,Naha,29.8,24.3,18.3,261.5,173.1
6,1983,Naha,30.7,26.3,19.7,161,191.4
7,1983,Naha,33.2,28.7,22.5,220,282.4
8,1983,Naha,33.3,28.6,24.9,288.5,276.6
9,1983,Naha,32.3,28.2,24.2,384.5,251.5
10,1983,Naha,31,26.2,20.6,25.5,225.8
11,1983,Naha,27.7,21,15.3,5,162
12,1983,Naha,24.4,17,10.8,44.5,141.8
1,1984,Naha,22.8,15.2,10,111.5,82.8
2,1984,Naha,24.4,15.6,8.7,42,77.3
3,1984,Naha,25.4,17.5,9.3,205.5,74
4,1984,Naha,26.7,20.7,14.5,145,138
5,1984,Naha,27.8,23.2,18.5,215.5,172.9
6,1984,Naha,31.7,27,22.9,97.5,239.3
7,1984,Naha,32.7,28.5,24.3,97.5,269.7
8,1984,Naha,32.6,28.2,24.8,403,261.7
9,1984,Naha,31.4,27.3,23,96.5,256
10,1984,Naha,30.6,24.3,16.8,84,216.4
11,1984,Naha,29.3,22.3,16.6,119,132.9
12,1984,Naha,25.1,18.3,11.2,71,118.2
1,1985,Naha,22.8,16.2,9.4,46,107.2
2,1985,Naha,23.9,17.3,11,281,78.7
3,1985,Naha,26,19.4,12.9,64,105
4,1985,Naha,25.5,20.2,12.6,152.5,196.2
5,1985,Naha,29.9,24.6,19.8,152,244.2
6,1985,Naha,31.1,25.9,21.1,181,185.1
7,1985,Naha,32.2,28,24,107.5,277.2
8,1985,Naha,32.5,27.5,23.7,479.5,213.5
9,1985,Naha,31.5,27.3,22.9,140,219.1
10,1985,Naha,30.5,25.4,20.3,90,193.2
11,1985,Naha,27.1,20.5,14.3,91,170.7
12,1985,Naha,25.8,17.7,11.1,221,81.3
1,1986,Naha,22.7,15,8.6,105,102.7
2,1986,Naha,22.2,14.6,9.9,65.5,61.3
3,1986,Naha,23.7,17.1,8.8,227.5,113.9
4,1986,Naha,27.6,21.3,14.2,101.5,131.5
5,1986,Naha,29.6,23.4,15.2,137.5,172
6,1986,Naha,31.7,26.5,20.8,120.5,187.2
7,1986,Naha,33.2,28.8,24.9,51.5,270.9
8,1986,Naha,32.6,28.3,24.4,233,212.8
9,1986,Naha,32.3,27.3,22.6,350,194.5
10,1986,Naha,28.5,23.8,19.3,51,157.8
11,1986,Naha,27.9,21.4,16.1,120.5,75.6
12,1986,Naha,24.4,18.4,12.7,15.5,125.9
1,1987,Naha,22.8,16.1,9.3,157,134.3
2,1987,Naha,24.8,16.6,7.1,64.5,107.7
3,1987,Naha,25.9,19.3,11.7,135.5,101.5
4,1987,Naha,28.8,21.8,14.2,84,110.2
5,1987,Naha,30.6,24.4,19.3,287,123.7
6,1987,Naha,31.1,25.9,20.5,430.5,152.6
7,1987,Naha,32.9,28.7,24.8,42.5,252.7
8,1987,Naha,33.6,28.7,24.1,402.5,234
9,1987,Naha,32.5,27.2,21.9,62.5,207.4
10,1987,Naha,30.9,26.1,21.3,162,183.5
11,1987,Naha,30.5,23.1,16.4,174,87.4
12,1987,Naha,26.4,18.7,12.6,107,124.1
1,1988,Naha,26.8,18.5,12,195.5,72.3
2,1988,Naha,25.4,17.6,9.1,169,69.3
3,1988,Naha,26.8,19.2,12,175,42.2
4,1988,Naha,25.7,20.6,14.4,343.5,126.7
5,1988,Naha,28.6,23.6,19.5,476,106.8
6,1988,Naha,31.7,27.4,19.3,162.5,160
7,1988,Naha,34.7,29.7,26.5,21,302.9
8,1988,Naha,32.6,28.3,23.1,343,221.3
9,1988,Naha,31.8,27.7,23.6,91,166.2
10,1988,Naha,30.4,25,19,275,150.6
11,1988,Naha,26.3,20.1,14.2,49.5,130.5
12,1988,Naha,23.6,17.9,11.9,1,140.6
1,1989,Naha,24.4,17.8,10.5,137,95
2,1989,Naha,25.1,17.7,10.8,19.5,104
3,1989,Naha,24.9,17.8,10,91.5,122.8
4,1989,Naha,26.8,21.3,16.1,187.5,124.1
5,1989,Naha,30.1,23.7,16,299,129.7
6,1989,Naha,32,26.6,17.6,159,200.7
7,1989,Naha,33.9,28.6,23.8,77.5,221.8
8,1989,Naha,32.4,28.1,22.8,343.5,208.7
9,1989,Naha,32.2,27.5,22.2,147,163.3
10,1989,Naha,30.6,24.4,19,7,172.2
11,1989,Naha,28.6,21.3,15.1,138.5,104.2
12,1989,Naha,22.9,17.9,13.1,78,112.4
1,1990,Naha,22.7,16.5,11,126,80.1
2,1990,Naha,26.1,18.5,11.8,201,83.1
3,1990,Naha,25.5,19,11.3,60.5,134.2
4,1990,Naha,26.7,20.2,13,357,76.1
5,1990,Naha,29.5,23.8,19,209,125.3
6,1990,Naha,32.5,27.2,22.1,310,148.9
7,1990,Naha,33.7,29.3,25.9,34.5,279.4
8,1990,Naha,33.1,29,25,164,171.3
9,1990,Naha,32.8,27.4,23.9,159,180
10,1990,Naha,30,24.2,19.7,197.5,187.2
11,1990,Naha,28.4,22.4,17.3,140,162.6
12,1990,Naha,26.6,18.9,12.1,70,128.5
1,1991,Naha,23.6,17.3,11.8,111,77.6
2,1991,Naha,24.7,16.4,10,83,114
3,1991,Naha,27.2,20.5,14.9,142,85.9
4,1991,Naha,28.6,22.1,13.9,124,100.1
5,1991,Naha,31.1,24.6,16.2,12.5,188.9
6,1991,Naha,33.6,28.8,25.1,43.5,233.1
7,1991,Naha,34.9,29.5,24.8,354,251.4
8,1991,Naha,33.2,28.9,25.7,62.5,225
9,1991,Naha,32.9,27.9,22.1,484,169.8
10,1991,Naha,30.5,24.4,17.9,118.5,149.3
11,1991,Naha,27,21,16.2,45,127.6
12,1991,Naha,26,19.3,11.6,31.5,161.4
1,1992,Naha,23.6,17.2,10.7,138.5,95.8
2,1992,Naha,25,16,10.6,259,78.4
3,1992,Naha,26.6,20.8,14,268,67.5
4,1992,Naha,28,21.6,13,244.5,102.4
5,1992,Naha,29,23.7,16.2,114.5,112.5
6,1992,Naha,31.8,26,20.7,292,131.6
7,1992,Naha,32.7,28.2,23.9,67.5,237.9
8,1992,Naha,33.1,28.6,24,442.5,231.3
9,1992,Naha,31.4,27.4,23.9,127,189.8
10,1992,Naha,31,24.6,19,227,174.2
11,1992,Naha,27,21.3,13.3,126.5,128.1
12,1992,Naha,24.8,19.1,12.3,95.5,102.7
1,1993,Naha,25.4,17.4,9,100,88.7
2,1993,Naha,23.9,17,11.6,72.5,119.2
3,1993,Naha,26.2,18.3,12,82,108.9
4,1993,Naha,28.8,20.7,12.5,55.5,97.9
5,1993,Naha,30.3,24.6,16.9,258,180.9
6,1993,Naha,32.5,27,19.2,113,173.6
7,1993,Naha,33,29.1,24.7,171.5,224.3
8,1993,Naha,33.1,28.9,25.1,41,263.8
9,1993,Naha,32.5,27.5,23.4,185.5,205.2
10,1993,Naha,30.5,24.9,19.4,83.5,180.4
11,1993,Naha,28.5,22.8,17.1,143,106.4
12,1993,Naha,27.8,18.8,12.7,25,101.5
1,1994,Naha,24.3,17.3,12,115,125.9
2,1994,Naha,23.6,17.1,10.3,111,66.4
3,1994,Naha,24.5,17.1,11.2,156.5,104.2
4,1994,Naha,28.3,22.4,16.6,44.5,134.2
5,1994,Naha,29.2,23.4,16.2,391,147.9
6,1994,Naha,32,26.9,20.3,139,187.7
7,1994,Naha,33.7,29.4,25,96,259.3
8,1994,Naha,32.8,28.7,23.2,133.5,189.7
9,1994,Naha,32,26.8,22.8,55.5,191.3
10,1994,Naha,30.1,24.4,20.2,200.5,134.1
11,1994,Naha,27.7,22.5,17.6,64.5,164.9
12,1994,Naha,26.2,20.2,14.2,63,116.5
1,1995,Naha,24.8,16.4,10.3,64,102.1
2,1995,Naha,22.5,15.7,9.4,83,76.2
3,1995,Naha,25.3,17.6,9.1,332.5,86
4,1995,Naha,29,22.1,13.1,49,130.4
5,1995,Naha,30.5,23.3,17.4,206.5,122.1
6,1995,Naha,31.1,26.3,22.1,269.5,117.3
7,1995,Naha,33.3,28.5,25,96.5,215.4
8,1995,Naha,33.3,29,24.6,130,237
9,1995,Naha,32.9,27.8,22.1,227,177.3
10,1995,Naha,31.4,26.1,21.4,128.5,167.4
11,1995,Naha,28.1,21,12.9,148.5,118.4
12,1995,Naha,24.3,17.8,12.9,28,103.4
1,1996,Naha,24.6,17.1,11.3,58,111
2,1996,Naha,24.6,16.3,8.5,123,91.3
3,1996,Naha,26.6,19,11.6,231,105
4,1996,Naha,26.5,19.5,13.6,183,109.7
5,1996,Naha,26.9,22.4,18.5,394,90.3
6,1996,Naha,32.3,27.5,20.9,103,217.6
7,1996,Naha,33.9,29.4,25.2,43,265.7
8,1996,Naha,33.3,28.1,24.8,294,234.6
9,1996,Naha,33.2,27.9,23.8,237,192.3
10,1996,Naha,29.7,24.6,19.8,121,139.9
11,1996,Naha,29.2,23.2,16.4,39.5,117.8
12,1996,Naha,24,18.1,12,60,164.7
1,1997,Naha,24,16.5,11.4,97,105.6
2,1997,Naha,24.6,17.1,9.3,106,99.6
3,1997,Naha,25.5,19.9,12.9,80.5,148.1
4,1997,Naha,28.9,22,15.7,235.5,120.1
5,1997,Naha,29.7,24.6,18.1,214,160.8
6,1997,Naha,30.9,26.1,20.1,334.5,155.9
7,1997,Naha,32.6,28.4,24.4,25.5,255.1
8,1997,Naha,32.8,27.8,24.2,462,173.8
9,1997,Naha,32.1,26.8,19.5,103.5,203.1
10,1997,Naha,29,24.3,18.5,77,176.6
11,1997,Naha,28.3,22.6,17.5,161.5,145.8
12,1997,Naha,26.1,19.7,14,121,130.9
1,1998,Naha,25.9,18.7,10.9,167.5,67.1
2,1998,Naha,25.5,18.5,12,335.5,70.7
3,1998,Naha,28.1,20.2,13.1,166.5,143.8
4,1998,Naha,29.1,23.5,15.9,226.5,125.2
5,1998,Naha,30.6,26.1,21.5,286.5,151
6,1998,Naha,32.7,27.4,21.2,379.5,146.4
7,1998,Naha,33.4,29.5,24.1,334.5,186.9
8,1998,Naha,34.7,30.1,25.8,131,266.5
9,1998,Naha,32.7,28.4,24.9,268.5,171.1
10,1998,Naha,31.5,26.7,22.7,689,122.9
11,1998,Naha,29.6,23,17.4,164,94.3
12,1998,Naha,26.4,20.2,14.7,173,93.5
1,1999,Naha,23.6,18,13.3,114,69.8
2,1999,Naha,25.7,17.4,10.1,48,114
3,1999,Naha,28.2,20.9,14.5,195,88.1
4,1999,Naha,27,21.7,15.7,160.5,158.5
5,1999,Naha,29.4,23.7,18.2,172.5,114
6,1999,Naha,32.1,27.5,23.5,123.5,155.5
7,1999,Naha,33.1,28.3,24.3,237,159.3
8,1999,Naha,32.1,28.4,23.9,211,172.5
9,1999,Naha,33.3,28.2,23.2,693.5,173.5
10,1999,Naha,32,26.3,19.7,67.5,192.7
11,1999,Naha,28,22.6,16.5,66.5,151.1
12,1999,Naha,26.6,18.4,10.4,158.5,89.7
1,2000,Naha,24.7,17.9,10.3,87,105.9
2,2000,Naha,23.9,16.2,11.2,149,32.6
3,2000,Naha,25.2,18.6,13,118.5,81.6
4,2000,Naha,26.3,20.7,14.6,394,87
5,2000,Naha,29.3,23.1,17.2,66.5,156.2
6,2000,Naha,33.5,27.2,20.1,186.5,192.9
7,2000,Naha,32.5,28,23.4,367.5,173.1
8,2000,Naha,32.3,27.9,22.1,279.5,172.5
9,2000,Naha,32.3,26.3,20.4,317,191.4
10,2000,Naha,30.8,26.2,21.9,95,171.3
11,2000,Naha,29.8,23.4,17.3,292.5,110.9
12,2000,Naha,26.1,19.9,13.9,260,139.1
1,2001,Naha,24.4,17.7,10.8,118.5,103.8
2,2001,Naha,25.7,18.7,12.5,37.5,91.7
3,2001,Naha,26.2,18.3,10.1,96,114.2
4,2001,Naha,29.2,21.2,13.4,235.5,106.3
5,2001,Naha,28.9,23.5,18.7,478.5,91.4
6,2001,Naha,34.1,27.8,20.4,151.5,152
7,2001,Naha,34.4,29.9,26.3,50.5,224.4
8,2001,Naha,35.6,29.6,24.6,200,219.7
9,2001,Naha,33.3,27.5,22.8,1095.5,92.5
10,2001,Naha,29.6,25.6,21.6,55,167.2
11,2001,Naha,28.7,21.8,15,3.5,158.9
12,2001,Naha,26.3,19.2,11.3,122,95.4
1,2002,Naha,23.9,17.1,10.8,39,106
2,2002,Naha,25.3,17.4,10,52.5,130.3
3,2002,Naha,26.6,19.6,13.4,93,152
4,2002,Naha,29.1,22.4,13.7,61.5,136.3
5,2002,Naha,31,25.1,20.4,125,190.6
6,2002,Naha,33.3,27,21.9,290.5,90.2
7,2002,Naha,32.4,28.2,23.7,445,171.1
8,2002,Naha,32.7,28.7,24.7,21.5,202.7
9,2002,Naha,32.4,27.5,22.2,511,200.3
10,2002,Naha,31,24.7,19.5,201,135.7
11,2002,Naha,26.7,21.1,14.1,28.5,93
12,2002,Naha,26.3,19.4,12.5,158.5,95.8
1,2003,Naha,22.8,15.7,9.5,60.5,123.9
2,2003,Naha,24.9,18.1,12.2,27,107.3
3,2003,Naha,26.3,18.4,12.7,70,127.9
4,2003,Naha,29.1,22.6,16,112.5,117.2
5,2003,Naha,29.8,24.4,19.5,130.5,131.4
6,2003,Naha,32.1,26.6,21.1,222,183.9
7,2003,Naha,34.8,29.9,25.1,13.5,272
8,2003,Naha,35.5,29.6,25.4,245,209.4
9,2003,Naha,32.9,28.5,24.6,219,189
10,2003,Naha,30.3,24.7,18.2,177.5,183
11,2003,Naha,29.7,23.8,16.8,120,85.5
12,2003,Naha,25.7,18.7,12.8,60,121.5
1,2004,Naha,24.4,16.8,9.9,140,87.7
2,2004,Naha,25,17.1,11.8,100,150.4
3,2004,Naha,25.5,19.2,10.2,106,112.4
4,2004,Naha,28.2,21.9,13.4,64,134.4
5,2004,Naha,31.6,25.5,18.3,105,146.5
6,2004,Naha,32.1,26.7,21.7,393.5,167.1
7,2004,Naha,33.9,28.8,23.8,192.5,224.3
8,2004,Naha,33.4,29,24.6,160,172.1
9,2004,Naha,32.8,27.6,23.4,375,155.5
10,2004,Naha,29.8,24.9,20.7,151.5,161.7
11,2004,Naha,28.9,22.6,16.6,68.5,175.3
12,2004,Naha,27,20.2,12.8,70,120.6
1,2005,Naha,23.5,16.6,10.8,69.5,75.7
2,2005,Naha,25.3,17.9,11.5,172,35.3
3,2005,Naha,26.2,17.2,9,169.5,102.2
4,2005,Naha,28.6,21.5,13.8,98.5,129.7
5,2005,Naha,29.5,24.2,20,175.5,98.3
6,2005,Naha,31.7,26.6,22,860.5,108.8
7,2005,Naha,33.9,29.2,25,6.5,241.8
8,2005,Naha,34.6,29,23.8,112,197.8
9,2005,Naha,32.8,28.2,23.8,64,192.9
10,2005,Naha,32.1,26.2,18.6,60,186.2
11,2005,Naha,29.1,22.8,16.7,48,122.1
12,2005,Naha,26.1,17.2,10,111.5,88.5
1,2006,Naha,25.4,18.1,10.2,191.5,80.9
2,2006,Naha,25.3,17.9,11.4,101.5,62.4
3,2006,Naha,24.8,18.4,11.6,113,135.1
4,2006,Naha,27.9,21.2,15.1,305,107.9
5,2006,Naha,30.9,24.8,18.9,333.5,114.5
6,2006,Naha,33.2,26.8,20.1,333.5,140.2
7,2006,Naha,35,29.1,24.7,114,236.9
8,2006,Naha,33.4,29.2,23.7,142,204.1
9,2006,Naha,32.9,27.8,20.6,135.5,169.4
10,2006,Naha,32,26.1,22,39,180.5
11,2006,Naha,28,22.9,17.6,116.5,115.5
12,2006,Naha,26,19.7,14.4,143,73.4
1,2007,Naha,23.8,17.8,10.9,184.5,94.8
2,2007,Naha,24.9,18.2,11.4,67.5,142.8
3,2007,Naha,27.3,19.6,13.4,116.5,91.3
4,2007,Naha,27.3,20.7,13.9,225,99.7
5,2007,Naha,30.4,23.8,17.4,101.5,147.1
6,2007,Naha,31.8,26.7,22,472,137.1
7,2007,Naha,34.5,29.6,25.4,229,262
8,2007,Naha,33.5,28.8,24.5,594,169.1
9,2007,Naha,32.2,28.2,23.8,440.5,187.1
10,2007,Naha,31.9,26.6,21.7,78,191.2
11,2007,Naha,29.8,22.2,17.3,104,92.3
12,2007,Naha,26.6,19.9,13.3,204,144.9
1,2008,Naha,25.9,18.5,12.9,70,64.8
2,2008,Naha,24.7,16.1,10.7,123,62.3
3,2008,Naha,25.9,18.7,10.7,245.5,146.6
4,2008,Naha,28.3,21.4,15,69,118.5
5,2008,Naha,30.7,24.1,16.9,118.5,151.8
6,2008,Naha,32.9,27.6,23.6,152.5,167.4
7,2008,Naha,33.8,29.4,24.8,82.5,256.8
8,2008,Naha,33.6,29,24.6,139.5,243.3
9,2008,Naha,32.7,28.2,23.5,267.5,150.5
10,2008,Naha,31.4,26.4,18.7,214.5,208.1
11,2008,Naha,30.8,22.5,14.4,119,114.5
12,2008,Naha,24.9,18.7,13.4,19.5,130.5
1,2009,Naha,24.8,16.7,9.3,32.5,103.9
2,2009,Naha,26.6,19.9,14.2,37,134.9
3,2009,Naha,26.4,19.6,12.2,165.5,87.5
4,2009,Naha,26.1,20.5,14.6,132.5,133
5,2009,Naha,30.3,23.7,18.1,185,219.4
6,2009,Naha,31.6,26.4,19.4,402,159.9
7,2009,Naha,34.1,29.2,21,62,253.8
8,2009,Naha,34.4,29.5,25.6,98,222.6
9,2009,Naha,34.6,29,24.3,23,218.7
10,2009,Naha,32.8,25.3,20.1,356,117.1
11,2009,Naha,29,22.7,17.5,145.5,110.8
12,2009,Naha,25.6,18.3,11.8,225.5,115
1,2010,Naha,24.4,16.8,9.1,90,92.7
2,2010,Naha,26.1,18.3,12,276.5,69.5
3,2010,Naha,27.3,19.9,9.7,41.5,134.9
4,2010,Naha,28.6,21.2,15.1,219,81.3
5,2010,Naha,30,23.8,16.5,574.5,111.8
6,2010,Naha,32,26.7,20.9,220.5,128.1
7,2010,Naha,33.2,28.7,24.3,348.5,146.2
8,2010,Naha,32.9,28.9,24.3,281.5,183.5
9,2010,Naha,32.6,28,23.4,193,207.2
10,2010,Naha,31.8,25.7,19.6,368,119.7
11,2010,Naha,26.3,21.4,16.3,194,105.1
12,2010,Naha,26.9,18.1,10.3,88.5,122.7
1,2011,Naha,22.6,14.9,9.3,97,59.7
2,2011,Naha,24.9,17.6,8.7,121.5,104.4
3,2011,Naha,25.4,17.1,11.6,40,88
4,2011,Naha,26.3,20.4,13.8,90,182.4
5,2011,Naha,30.3,23.9,16.3,299.5,75.7
6,2011,Naha,32.7,27.9,21.1,223.5,189.5
7,2011,Naha,32.9,28.9,25.1,111,234.9
8,2011,Naha,32.9,28.3,24.5,471.5,199.2
9,2011,Naha,32.5,27.9,23.7,71.5,205.2
10,2011,Naha,30.6,25.2,20.5,212,114.7
11,2011,Naha,29.7,23.7,17.3,314,78.8
12,2011,Naha,25.4,18.6,13.3,70.5,69.8
1,2012,Naha,23.6,17,11.6,119,54.4
2,2012,Naha,25,17.5,11.9,109.5,57.3
3,2012,Naha,26.7,19.6,12.5,81,124.8
4,2012,Naha,28.3,21.7,14.4,356.5,99.6
5,2012,Naha,29,24.4,19.4,229.5,141.6
6,2012,Naha,31.6,26.9,22.9,372,124.7
7,2012,Naha,33.3,29.1,24.2,96,239.5
8,2012,Naha,32.9,28.5,25.1,674,164.1
9,2012,Naha,32.1,27.2,22.7,271.5,159.1
10,2012,Naha,29.4,24.6,19.1,96.5,163.2
11,2012,Naha,26.8,21,16.3,214.5,115.7
12,2012,Naha,25.7,18.5,12.4,113,94.9
1,2013,Naha,23.8,17,10.7,100,94.6
2,2013,Naha,25.2,18.6,12.2,75,111.7
3,2013,Naha,27.8,20.4,14,140.5,143.5
4,2013,Naha,27.5,20.6,13.1,202.5,93.4
5,2013,Naha,30.5,23.7,17.7,602.5,94.1
6,2013,Naha,32.4,27.9,22.8,105,216
7,2013,Naha,34.7,29.4,25.7,4.5,268.4
8,2013,Naha,34.8,29.6,25,212,241.7
9,2013,Naha,33.6,28.3,23.4,178,206.5
10,2013,Naha,30.8,25.3,19.9,200,129.7
11,2013,Naha,28.5,21.3,13.9,121,120
12,2013,Naha,23.6,17.3,10.3,130,89.4
1,2014,Naha,23.5,16.8,10.6,66,145.4
2,2014,Naha,24.1,17.9,11.7,227,82.9
3,2014,Naha,26.1,18.4,12,185,110.1
4,2014,Naha,27.2,20.9,14,100.5,149.1
5,2014,Naha,30.1,23.6,17.3,354.5,112.5
6,2014,Naha,32.5,26.9,20.4,397.5,134.5
7,2014,Naha,33.9,29.3,23.8,494,235.5
8,2014,Naha,33.1,28.7,23.9,229,175.7
9,2014,Naha,33.3,28.8,25,95.5,224
10,2014,Naha,32,25.4,20.7,269,171.2
11,2014,Naha,28.4,22.6,17.4,49.5,134.7
12,2014,Naha,24.6,17.6,12,117,84.6
1,2015,Naha,23.5,16.6,9.8,22,90.7
2,2015,Naha,25,16.8,9.6,47,114.1
3,2015,Naha,25.5,19,11.4,95.5,126.5
4,2015,Naha,28.8,22.2,16.7,100,118.9
5,2015,Naha,30.5,24.9,18.8,197.5,144.2
6,2015,Naha,32.5,28.7,24.4,38,221.7
7,2015,Naha,33.8,29,23.8,369,202.3
8,2015,Naha,32.8,28.7,24.9,278,170.2
9,2015,Naha,32.6,27.8,23.8,46.5,208.5
10,2015,Naha,32,25.5,20,63.5,174.6
11,2015,Naha,29.8,23.8,16.6,95,139.7
12,2015,Naha,26.9,20.1,14,73,102.4
1,2016,Naha,26.6,17.4,6.1,272.5,75.8
2,2016,Naha,25.9,16.9,9.8,157.5,83.1
3,2016,Naha,24.8,18.7,11.4,168.5,106.6
4,2016,Naha,28.7,23,16,350.5,125.5
5,2016,Naha,31.1,25.7,19.2,129.5,143.2
6,2016,Naha,33.1,28.4,23.3,319.5,185.7
7,2016,Naha,33.6,29.8,25.4,193,253
8,2016,Naha,33.9,29.5,24.7,209,226.4
9,2016,Naha,32.8,28.4,24.9,342,141.8
10,2016,Naha,31.7,27.7,23.5,75.5,175.6
11,2016,Naha,29.9,23.2,17.9,103,128.4
12,2016,Naha,28.2,20.5,14.9,47.5,112.1
1,2017,Naha,25,18.4,12.3,92.5,77
2,2017,Naha,24.3,17.1,10.7,84,79.9
3,2017,Naha,25,18.3,11.8,96.5,102.4
4,2017,Naha,27.1,21.6,14.8,67,128.6
5,2017,Naha,29.7,24.2,18.7,315.5,112.1
6,2017,Naha,33.2,26.6,19.9,444.5,107.7
7,2017,Naha,35.1,29.9,24.9,44,267.2
8,2017,Naha,34.9,30.4,26.4,56.5,242.1
9,2017,Naha,33.9,28.9,23,239.5,186.1
10,2017,Naha,33,27,20,270,155.8
11,2017,Naha,27.9,22.8,15.9,146.5,85.6
12,2017,Naha,25.5,18,13.1,50.5,101.5
1,2018,Naha,24.1,17.2,9.3,150.5,74.9
2,2018,Naha,24.7,16.9,9.6,84,97.9
3,2018,Naha,27.4,19.9,12.8,100.5,181.6
4,2018,Naha,28.4,21.6,13.2,126,161.3
5,2018,Naha,31.6,25.6,16.7,33,238.4
6,2018,Naha,32.9,27.8,23.2,218.5,171.7
7,2018,Naha,33.1,28.3,24.5,429,179.7
8,2018,Naha,32.4,28.5,24.2,310,203.4
9,2018,Naha,32.5,28.4,24.8,334.5,174.6
10,2018,Naha,28.3,23.9,18.8,375,151.8
11,2018,Naha,27.6,23.1,18.9,160.5,155.9
12,2018,Naha,29.4,20.4,13.2,148,85.3
1,2019,Naha,24.9,18.1,12,55,97.4
2,2019,Naha,26.3,20,12.2,156.5,78.4
3,2019,Naha,27,19.9,14.6,183.5,129.8
4,2019,Naha,29.1,22.3,14.5,128,119.2
5,2019,Naha,30.3,24.2,17.8,208.5,150.7
6,2019,Naha,32.6,26.5,19.7,595.5,90.7
7,2019,Naha,33.9,28.9,24.1,284,196.2
8,2019,Naha,33.3,29.2,24.9,208,191.3
9,2019,Naha,33.4,28,23.2,477.5,154.2
10,2019,Naha,31.8,26,21.1,104.5,198.8
11,2019,Naha,28.7,23.1,17.9,136,135.7
12,2019,Naha,27.5,20,14.9,100.5,123.2
1,1960,Tokyo,21,5,-5.6,31.2,208.9
2,1960,Tokyo,19.5,6.6,-2.5,8.8,207.3
3,1960,Tokyo,24,9.5,-0.4,71.2,209
4,1960,Tokyo,23.6,12.8,4,164.8,154.6
5,1960,Tokyo,27.4,17.8,6.9,124.8,186.9
6,1960,Tokyo,31.5,21.5,12.9,83,155.4
7,1960,Tokyo,33.7,25.8,19.9,31.6,181.3
8,1960,Tokyo,34.7,26.4,18.2,215,218.5
9,1960,Tokyo,32.7,23.6,11.3,177.1,147.9
10,1960,Tokyo,27.9,16.8,8.9,182,134.4
11,1960,Tokyo,22.8,12.3,0.4,123.1,134.1
12,1960,Tokyo,20.1,6.7,-2.3,69.3,183.9
1,1961,Tokyo,15.1,3.6,-4.4,39,183.6
2,1961,Tokyo,13.7,4.5,-4.4,43.5,197.9
3,1961,Tokyo,21.9,8.2,-0.4,106.6,181.1
4,1961,Tokyo,26,14.9,2.9,183.1,205.8
5,1961,Tokyo,30.4,19.8,10.7,55.5,191.2
6,1961,Tokyo,30.1,22.6,13.8,305.5,166.4
7,1961,Tokyo,37.5,27.4,20.3,29.5,217.2
8,1961,Tokyo,35,26.8,20.3,30.9,172.2
9,1961,Tokyo,35,25.3,16.4,37,181.1
10,1961,Tokyo,29.8,18.3,10.1,338.4,82.3
11,1961,Tokyo,23.1,12.7,1.4,50.7,161
12,1961,Tokyo,19.2,7.2,-1.9,40.5,202.6
1,1962,Tokyo,13.8,4.5,-3.8,40.5,210.7
2,1962,Tokyo,24.5,5.9,-2.6,13.5,195
3,1962,Tokyo,18.8,8.2,-0.8,65.5,189.8
4,1962,Tokyo,24.5,14.1,2.8,124.2,202.6
5,1962,Tokyo,28.9,18.4,9.7,211.5,177
6,1962,Tokyo,29.2,20.9,12.6,244.5,111.8
7,1962,Tokyo,34.1,25.1,16.6,166.9,135.9
8,1962,Tokyo,37.6,28.1,21.8,50.1,270.5
9,1962,Tokyo,32.9,24.5,12.2,4.9,168.7
10,1962,Tokyo,29.5,16.7,8.2,119.8,135.9
11,1962,Tokyo,25.6,11.3,0.1,151.8,117.6
12,1962,Tokyo,16.3,7,-0.3,62.8,175.8
1,1963,Tokyo,12.7,3.2,-5.5,0.2,231.1
2,1963,Tokyo,15.3,4.8,-4.1,21.3,199.9
3,1963,Tokyo,20.5,7.6,-2.1,86.7,198.8
4,1963,Tokyo,26.9,13.9,2.4,76.1,193.6
5,1963,Tokyo,31.2,18.4,8.1,135.1,102.9
6,1963,Tokyo,35.7,21.8,10.3,248.2,119.4
7,1963,Tokyo,35.5,25.7,16.8,65.9,151.9
8,1963,Tokyo,37.2,26.6,20.9,382.2,166.2
9,1963,Tokyo,30.6,21.4,11.7,144.2,123.1
10,1963,Tokyo,27,16.3,8.4,294.7,135.3
11,1963,Tokyo,23.1,12.1,3.1,90.6,164.2
12,1963,Tokyo,18.7,8.1,-0.9,29.8,184.6
1,1964,Tokyo,18.7,5.4,-2.8,144.6,124.6
2,1964,Tokyo,12.6,4.2,-2.4,64,151
3,1964,Tokyo,21.3,7.6,0,99.7,199
4,1964,Tokyo,26.3,15.3,5.5,94.2,128.4
5,1964,Tokyo,31.4,18.9,9.9,80.4,209.5
6,1964,Tokyo,30.5,21.5,11.3,139.9,125.2
7,1964,Tokyo,34,25.5,18.3,45.9,153.6
8,1964,Tokyo,35.2,27.8,21.6,110.8,184.3
9,1964,Tokyo,32.4,22.3,12.3,132.4,89
10,1964,Tokyo,26,15.9,8.3,130.5,143.9
11,1964,Tokyo,21.5,11.1,2.4,50.3,170.6
12,1964,Tokyo,15,7.5,-1,47.5,164.1
1,1965,Tokyo,12.9,4.4,-3.3,48,175.4
2,1965,Tokyo,18.3,4.7,-4.7,10.5,193.4
3,1965,Tokyo,16.4,6.9,-1.1,44.5,252.4
4,1965,Tokyo,25.1,11.1,2.6,87,178.4
5,1965,Tokyo,26.6,17.2,7.4,400,189.1
6,1965,Tokyo,31.2,21.6,13.4,219.5,148.5
7,1965,Tokyo,33.6,24.2,17.1,97,102.2
8,1965,Tokyo,35,26.7,19.9,234.5,232.2
9,1965,Tokyo,29.9,22.2,13.9,204.5,128.6
10,1965,Tokyo,26.8,16.9,10.3,53,199.4
11,1965,Tokyo,24.9,12.7,4.6,131.5,150.2
12,1965,Tokyo,17.6,7,-1.4,66,153.5
1,1966,Tokyo,17.2,4.6,-2.9,23.6,195.8
2,1966,Tokyo,19.1,7.2,-3.2,122,149.6
3,1966,Tokyo,21.6,9.6,1.2,99.9,150.4
4,1966,Tokyo,26.4,13.6,5,133.7,132.6
5,1966,Tokyo,27.5,17.9,9,196.2,232.6
6,1966,Tokyo,30.5,20.1,11.1,510.2,137.3
7,1966,Tokyo,33,24.4,14.1,160.8,112.6
8,1966,Tokyo,34.9,26.9,21.2,54.5,204.3
9,1966,Tokyo,32.8,23.2,14.6,197.1,122.9
10,1966,Tokyo,26.7,18.9,11,108.5,175.7
11,1966,Tokyo,24.9,12.9,2.1,29,132.8
12,1966,Tokyo,15.3,6.6,-1.9,8,162.2
1,1967,Tokyo,15.4,4.4,-3.6,32.2,194.4
2,1967,Tokyo,19.1,4.9,-4,43.8,162.6
3,1967,Tokyo,23.3,9.5,-0.9,69.7,180.8
4,1967,Tokyo,24.2,14.5,1.8,104.7,172
5,1967,Tokyo,30.4,20,12.3,49.3,258.3
6,1967,Tokyo,30.9,23,16.2,109.3,182.7
7,1967,Tokyo,34.1,26.3,19.6,89.2,143.5
8,1967,Tokyo,37.2,28,21.5,67.3,160.5
9,1967,Tokyo,31.3,22.6,15.4,148.8,98.4
10,1967,Tokyo,26,16.9,9.5,214.7,131.5
11,1967,Tokyo,24.1,12.1,2.9,61.4,114.1
12,1967,Tokyo,16.2,6.7,-2.6,32.9,187.8
1,1968,Tokyo,16.2,5.7,-1.9,9.5,219.2
2,1968,Tokyo,15.5,4.3,-2.9,48,205.8
3,1968,Tokyo,20.5,10,1.4,94,157.9
4,1968,Tokyo,23.4,14.1,6.6,117.5,192.1
5,1968,Tokyo,25.5,17.5,10,185.5,182.6
6,1968,Tokyo,30,22,15.9,175,152.9
7,1968,Tokyo,32.3,24.7,18.6,136,127.4
8,1968,Tokyo,33.5,26.6,19.9,256,130.5
9,1968,Tokyo,28.9,21.9,16,109.5,133.9
10,1968,Tokyo,27.2,16.3,8.8,152.5,101.6
11,1968,Tokyo,23.4,14.1,4,19.5,197.8
12,1968,Tokyo,20.1,10.2,1.1,188,137.2
1,1969,Tokyo,22.6,5.7,-2.1,54.5,148.4
2,1969,Tokyo,19.1,5.7,-1.2,100,97.1
3,1969,Tokyo,21.9,7.9,-1.5,121,179.3
4,1969,Tokyo,27.2,14.6,1,73,178.5
5,1969,Tokyo,30.3,19.6,13,88.5,200.4
6,1969,Tokyo,29.3,21.8,13,187.5,156.4
7,1969,Tokyo,36.6,25,15.6,102,138.1
8,1969,Tokyo,35.8,27.2,20.5,131.5,148.6
9,1969,Tokyo,33.2,22.8,13.6,238.5,122.4
10,1969,Tokyo,26.1,17.3,8.8,146,140.4
11,1969,Tokyo,24.2,12.8,2.6,93.5,129
12,1969,Tokyo,19.7,7.2,-1.7,7,199.3
1,1970,Tokyo,14.2,4.5,-4,58.5,182
2,1970,Tokyo,17.7,6,-2.2,34.5,160.1
3,1970,Tokyo,16.5,5.5,-2.6,46.5,195.8
4,1970,Tokyo,24.1,13,4.9,94,130.2
5,1970,Tokyo,30,19.6,11.2,161.5,194.1
6,1970,Tokyo,31,20.7,13.1,218,90.5
7,1970,Tokyo,34.9,25.4,17.1,118.5,137
8,1970,Tokyo,35.5,27.4,19.9,20.5,187.8
9,1970,Tokyo,35.4,24,13.5,86,92.9
10,1970,Tokyo,26.1,17.2,7.4,98.5,131.5
11,1970,Tokyo,23.4,12.3,2,144.5,156.3
12,1970,Tokyo,20.5,6.8,-0.6,41,132.5
1,1971,Tokyo,13.5,5.1,-2.2,32,181.6
2,1971,Tokyo,16.2,5.9,-1.5,38,148.9
3,1971,Tokyo,20.4,8.3,-0.9,67.5,203.3
4,1971,Tokyo,25.9,13.5,5.3,134,164.5
5,1971,Tokyo,28.8,17.4,9.4,110,168.9
6,1971,Tokyo,30.7,21.3,15.4,91.5,106
7,1971,Tokyo,33.7,25.8,18.6,153.5,161.1
8,1971,Tokyo,34.4,26.7,19.4,195,203.1
9,1971,Tokyo,30.8,21.1,14.6,273,77.5
10,1971,Tokyo,24.1,15.5,7.4,258.5,121.1
11,1971,Tokyo,21.3,11.9,1.5,30.5,154.7
12,1971,Tokyo,19.3,7.9,1,55,172.4
1,1972,Tokyo,16.8,6.6,-2.1,113.5,156.4
2,1972,Tokyo,14.6,5.1,-1.5,142,112.6
3,1972,Tokyo,24.1,9.7,0.8,44,207.7
4,1972,Tokyo,25.5,13.4,2.3,186.5,181.4
5,1972,Tokyo,26.7,18.6,9.4,116,207.1
6,1972,Tokyo,31.2,21.4,14.7,107,155.7
7,1972,Tokyo,32.1,25.2,17.9,301,167
8,1972,Tokyo,35.2,26.6,19.1,94.5,242
9,1972,Tokyo,31.6,23.1,16.2,281,171.1
10,1972,Tokyo,26.2,18.5,10.9,43.5,149.4
11,1972,Tokyo,22.9,12.3,3.1,43,159.7
12,1972,Tokyo,16.9,8.1,0,155.5,161.6
1,1973,Tokyo,17.3,6.3,-0.4,136,177.6
2,1973,Tokyo,18,6.9,-1.9,45,162.9
3,1973,Tokyo,22.4,7.8,-0.8,10,207.5
4,1973,Tokyo,26.6,15.3,5.5,143,163.3
5,1973,Tokyo,27.5,17.9,9.5,97.5,205.1
6,1973,Tokyo,27.8,19.8,13.4,121.5,96.3
7,1973,Tokyo,34.7,26.1,19.4,49.5,225.8
8,1973,Tokyo,34.3,28.5,24,50,226.4
9,1973,Tokyo,34.5,23.2,17.1,155,154.2
10,1973,Tokyo,28.2,17.4,9.5,237.5,151.1
11,1973,Tokyo,22,12.1,3,104.5,196.5
12,1973,Tokyo,16.4,6.6,-1.7,0,229
1,1974,Tokyo,13.6,4.4,-2,29,229.5
2,1974,Tokyo,18.1,5.1,-2.7,58.5,134.8
3,1974,Tokyo,20.1,7.3,-0.6,114,183.7
4,1974,Tokyo,23.8,14.8,3.6,151,202.8
5,1974,Tokyo,29.5,19.3,10.4,93.5,231.5
6,1974,Tokyo,28.9,21.9,16.1,204.5,137
7,1974,Tokyo,34.2,23.4,16.2,270.5,108.9
8,1974,Tokyo,34.2,27.1,22.2,179,198.3
9,1974,Tokyo,32.3,22.8,14.7,246.5,132.5
10,1974,Tokyo,26.1,17.8,9.1,165,99.6
11,1974,Tokyo,22.3,11.7,3.2,30.5,154.5
12,1974,Tokyo,15.7,6.7,-0.1,38.5,151.2
1,1975,Tokyo,17.6,4.7,-1.8,67.5,182.7
2,1975,Tokyo,15,5.1,-2.6,75,176.4
3,1975,Tokyo,18.6,7.9,-0.8,108,182.3
4,1975,Tokyo,24,14.3,4.8,161.5,152.4
5,1975,Tokyo,28.3,18.6,11.5,151,213.1
6,1975,Tokyo,29.5,21.6,15.4,106.5,82.9
7,1975,Tokyo,35.6,25.6,17.9,175.5,189.7
8,1975,Tokyo,35.5,27.3,21,26.5,250.8
9,1975,Tokyo,34.1,25.2,15.8,99.5,192.7
10,1975,Tokyo,27.9,17.3,7.5,273,100.5
11,1975,Tokyo,25.1,12.7,3.1,245,124
12,1975,Tokyo,15.3,6.7,0.5,51.5,171.4
1,1976,Tokyo,18.6,5.4,-3.9,0.5,225.2
2,1976,Tokyo,18.3,6.8,-2.8,128,137.3
3,1976,Tokyo,19.1,9,1.2,87,148.2
4,1976,Tokyo,23.7,13,3.8,129,120.2
5,1976,Tokyo,28.2,17.7,8.4,218,174.5
6,1976,Tokyo,29.3,21.5,14.1,186,83.9
7,1976,Tokyo,33.4,23.9,14,102,178.8
8,1976,Tokyo,35.4,25.1,17.9,159,156.6
9,1976,Tokyo,31.6,22,13.5,284,128.6
10,1976,Tokyo,26.9,17.5,7.8,155,141.5
11,1976,Tokyo,24.1,11.2,1.6,78,132.6
12,1976,Tokyo,15.2,7.3,-2.3,31,173.3
1,1977,Tokyo,17.9,3.4,-2.7,19.5,161.5
2,1977,Tokyo,20.3,4.9,-3.8,27,188.6
3,1977,Tokyo,20.1,9.3,-3.3,167,141.9
4,1977,Tokyo,25.8,15.1,5.3,110.5,182.1
5,1977,Tokyo,30.5,18.7,10.4,96.5,225
6,1977,Tokyo,29.5,20.9,14.1,202.5,99.5
7,1977,Tokyo,33.6,25.8,17.4,91,204.3
8,1977,Tokyo,34.9,25,17.6,290.5,100.8
9,1977,Tokyo,32.3,24.3,16.5,233.5,133
10,1977,Tokyo,27.6,18.7,10.6,60,173.9
11,1977,Tokyo,26.7,14.8,5.3,102.5,136.5
12,1977,Tokyo,22,8.9,0.3,53.5,177.4
1,1978,Tokyo,16.3,5.6,-1.6,28,160
2,1978,Tokyo,15.7,4.2,-2,32,157.7
3,1978,Tokyo,18.8,8.7,1,115.5,193.1
4,1978,Tokyo,24.5,13.9,4.5,186.5,163.9
5,1978,Tokyo,26,19,8.6,130,167.2
6,1978,Tokyo,31.6,23.8,15,104,192.6
7,1978,Tokyo,33.6,27.8,21.5,45,217.1
8,1978,Tokyo,36.3,28.9,21.9,26,255.6
9,1978,Tokyo,33.1,22.2,15.8,124,102.2
10,1978,Tokyo,26.6,17.3,10.4,147,132.9
11,1978,Tokyo,22.1,12.9,5.4,65,160.2
12,1978,Tokyo,18.9,8.5,0,27,154.7
1,1979,Tokyo,16.6,6.6,-0.5,59,179.5
2,1979,Tokyo,19.9,8.4,1.5,96,164.6
3,1979,Tokyo,22.8,9.9,1.6,92,190.2
4,1979,Tokyo,24,13.9,5.8,109.5,161.3
5,1979,Tokyo,27.9,18.6,10.3,148.5,230.6
6,1979,Tokyo,34.1,24.4,15.5,63,217.9
7,1979,Tokyo,34.3,25.2,18.1,88.5,143.1
8,1979,Tokyo,33.5,27.4,20.7,104.5,156
9,1979,Tokyo,32.7,24.1,16.8,146.5,119.1
10,1979,Tokyo,32.6,19.6,12.7,320.5,149.3
11,1979,Tokyo,25.3,14.3,5.1,182.5,102.9
12,1979,Tokyo,18.7,10.1,3.3,43,186.2
1,1980,Tokyo,18.8,5.6,-1.1,88.5,182
2,1980,Tokyo,13.3,5.2,-1.2,26,206.1
3,1980,Tokyo,21.2,8.2,1.3,173.5,157.5
4,1980,Tokyo,24,13.6,4.6,107,156.6
5,1980,Tokyo,29.5,19.2,9.6,154.5,204.2
6,1980,Tokyo,31.6,23.6,17.7,172.5,146.7
7,1980,Tokyo,33,23.8,16.4,202,95
8,1980,Tokyo,32.2,23.4,17.6,168.5,105.3
9,1980,Tokyo,31.9,23,13.2,181.5,125.2
10,1980,Tokyo,28.8,18.2,8.7,136,160
11,1980,Tokyo,21.8,13,5.1,133.5,149.6
12,1980,Tokyo,19.3,7.7,-0.7,34,213.2
1,1981,Tokyo,12,4.4,-2.2,3.5,233.4
2,1981,Tokyo,17.2,5.3,-3.5,38,157.3
3,1981,Tokyo,20.6,9,0.2,113,192.6
4,1981,Tokyo,23.9,13.9,2.7,166,207.5
5,1981,Tokyo,28.4,17.5,10.2,151.5,182.6
6,1981,Tokyo,32,20.2,12.4,103,83.2
7,1981,Tokyo,34.3,26.3,17,167,181.3
8,1981,Tokyo,33.9,26.2,20,133,190.7
9,1981,Tokyo,31.6,21.8,15.6,138.5,140
10,1981,Tokyo,26.7,17.6,10.1,343.5,161.2
11,1981,Tokyo,21.4,10.4,2.4,99,130.6
12,1981,Tokyo,16.2,7.6,0.4,7.5,206.6
1,1982,Tokyo,16.8,5.8,-1,32.5,194
2,1982,Tokyo,13.1,5.5,-1,51.5,168
3,1982,Tokyo,21.3,9.9,1.2,73,177.8
4,1982,Tokyo,23.2,14,4.7,134,177.5
5,1982,Tokyo,28.7,20.7,11.9,85.5,243.7
6,1982,Tokyo,29.4,21.4,14.8,224.5,152.6
7,1982,Tokyo,31.2,23.1,16.1,140,102.3
8,1982,Tokyo,33,27.1,22,152.5,170.1
9,1982,Tokyo,31.3,22.3,17,371.5,104.3
10,1982,Tokyo,27.3,18,9.5,159.5,171.6
11,1982,Tokyo,25.3,14.3,3.5,136,118.8
12,1982,Tokyo,20.9,9.5,1.4,15,156.1
1,1983,Tokyo,16.5,6.2,-2.4,29.5,205
2,1983,Tokyo,15,6.1,-0.9,50.5,202.9
3,1983,Tokyo,17.2,8.6,1.3,99,176
4,1983,Tokyo,26.8,15.9,7.8,114.5,176.6
5,1983,Tokyo,28.5,19.7,11,105.5,241.5
6,1983,Tokyo,29.8,20.5,13.6,198,162.7
7,1983,Tokyo,32.9,23.8,15.1,141.5,119.4
8,1983,Tokyo,37.1,27.5,21.2,168.5,163.7
9,1983,Tokyo,33.3,23.1,14.9,242.5,92.8
10,1983,Tokyo,27.9,17.7,7.3,130,141.6
11,1983,Tokyo,21.6,12.3,2.2,53.5,181.8
12,1983,Tokyo,17.3,7.1,-0.6,7.5,217.1
1,1984,Tokyo,14.6,3.7,-2.5,50,208.8
2,1984,Tokyo,12.8,3,-3.5,51,182.5
3,1984,Tokyo,19.1,5.9,-1.5,69,205.7
4,1984,Tokyo,24,11.6,1.8,64,168.2
5,1984,Tokyo,27.7,17.2,9.3,77.5,172.2
6,1984,Tokyo,31.5,21.8,16.5,202,113.2
7,1984,Tokyo,33.6,26.2,17.5,81.5,180.1
8,1984,Tokyo,35,28.6,21.8,31.5,252.3
9,1984,Tokyo,38.1,23.5,15.7,61,146.9
10,1984,Tokyo,30.4,17.7,7.7,73.5,145.9
11,1984,Tokyo,22.7,12.2,3.7,50.5,148.7
12,1984,Tokyo,19.8,7.7,-1.1,68,163.3
1,1985,Tokyo,13.5,4.1,-2.5,4.5,200.9
2,1985,Tokyo,14.7,6.5,-1.3,142,153.2
3,1985,Tokyo,20.3,7.8,1.3,134.5,74
4,1985,Tokyo,23.7,14.2,3.3,201.5,183.8
5,1985,Tokyo,26.5,19.1,12.2,89.5,201.8
6,1985,Tokyo,30.1,20.2,13.2,381,104.3
7,1985,Tokyo,34.3,26.3,19.7,115,194.8
8,1985,Tokyo,33.9,27.9,22.6,146,257.8
9,1985,Tokyo,35,23.1,14.5,106,101.9
10,1985,Tokyo,29,17.9,10,92.5,149.4
11,1985,Tokyo,24.5,13.3,3.6,85.5,173.5
12,1985,Tokyo,18.8,7.4,-0.5,18.5,202.9
1,1986,Tokyo,11.8,4.5,-1.3,15,185.7
2,1986,Tokyo,14.5,4.3,-1.6,27.5,181.6
3,1986,Tokyo,18.1,7.8,0,188,161.5
4,1986,Tokyo,23,13.9,4.6,88,175.2
5,1986,Tokyo,26.9,17.9,11.2,210,194.2
6,1986,Tokyo,31.5,21.1,13.8,138,158.1
7,1986,Tokyo,33.4,23.9,16.7,137,109.1
8,1986,Tokyo,34.6,26.8,19.6,233.5,199.8
9,1986,Tokyo,34.5,23.7,15.8,190.5,113.9
10,1986,Tokyo,26.6,17.1,8,74,155.9
11,1986,Tokyo,21.7,12.3,5,41,126
12,1986,Tokyo,17.8,8.5,0.5,115.5,163.8
1,1987,Tokyo,18,5.8,-0.4,38,181.4
2,1987,Tokyo,23,6.8,-0.7,29.5,159.2
3,1987,Tokyo,20.5,9.3,0,94,149.1
4,1987,Tokyo,26.6,14.4,2.2,42.5,199.4
5,1987,Tokyo,27.9,19.3,9.2,65,172.6
6,1987,Tokyo,32.3,22.1,15.3,120.5,193.3
7,1987,Tokyo,37.3,27,19.1,146.5,177.6
8,1987,Tokyo,34,27.3,20.5,45.5,159.2
9,1987,Tokyo,34.8,23.3,15.5,214.5,104.1
10,1987,Tokyo,28.2,18.9,12.3,193,145.3
11,1987,Tokyo,25.6,12.8,3.9,39.5,122.5
12,1987,Tokyo,21.5,8.1,0.3,60.5,166.7
1,1988,Tokyo,16.9,7.7,0.6,28,197
2,1988,Tokyo,19.7,4.9,-1.7,17.5,178.3
3,1988,Tokyo,21.3,8.4,1.3,185,129.8
4,1988,Tokyo,27.7,14.3,0.7,107.5,183.3
5,1988,Tokyo,29.2,18.2,9.8,144,178.3
6,1988,Tokyo,29.9,22.3,17.2,198,122.6
7,1988,Tokyo,32.6,22.4,17.2,158,61.8
8,1988,Tokyo,32.9,27,21.6,341.5,143.7
9,1988,Tokyo,31.2,22.8,17.5,251.5,39.2
10,1988,Tokyo,24.9,17.5,8.8,58.5,152.1
11,1988,Tokyo,22.5,11.4,2.4,26,205.8
12,1988,Tokyo,17.9,8.4,0.8,0,213.8
1,1989,Tokyo,19.2,8.1,0.9,95,152.6
2,1989,Tokyo,17.2,7.5,1.9,107,135.5
3,1989,Tokyo,20.2,9.6,1.7,118,176.4
4,1989,Tokyo,24,15.6,7.5,187,218.4
5,1989,Tokyo,25.4,17.7,10.1,210,131.6
6,1989,Tokyo,31.1,20.7,11.7,205,134.6
7,1989,Tokyo,31.5,24.1,15.1,154,118.6
8,1989,Tokyo,33.5,27.1,21.8,360.5,191.5
9,1989,Tokyo,32.3,25.2,18.1,204,115.1
10,1989,Tokyo,25.9,17.5,11.2,197,134.3
11,1989,Tokyo,22.5,14.2,5.8,71,145.2
12,1989,Tokyo,20.1,9.2,2.4,29,178.9
1,1990,Tokyo,16.3,5,-1.4,32.5,179.3
2,1990,Tokyo,19.4,7.8,0.1,116.5,81.6
3,1990,Tokyo,21.3,10.6,4.3,97.5,200.4
4,1990,Tokyo,24.2,14.7,6.1,137.5,155.4
5,1990,Tokyo,28.4,19.2,11,120.5,174.6
6,1990,Tokyo,34.1,23.5,16.4,68,133.4
7,1990,Tokyo,34.6,25.7,17.9,51,143.8
8,1990,Tokyo,35.9,28.6,22.6,181.5,230.2
9,1990,Tokyo,34,24.8,16.8,287,140.2
10,1990,Tokyo,28.2,19.2,11.6,148.5,137.6
11,1990,Tokyo,25.7,15.1,5.8,234,166.9
12,1990,Tokyo,23.5,10,3.1,38,197.3
1,1991,Tokyo,14.4,6.3,0.1,55,210.6
2,1991,Tokyo,16.6,6.5,-0.8,69,199.3
3,1991,Tokyo,22.3,9.5,1.6,164,115.8
4,1991,Tokyo,24.7,15.4,5,112.5,150.7
5,1991,Tokyo,27.9,18.8,7.8,61,204
6,1991,Tokyo,34.2,23.6,16.7,142,127.7
7,1991,Tokyo,35.6,26.7,20.1,72,136.4
8,1991,Tokyo,35.2,25.5,19.6,238,138.4
9,1991,Tokyo,32.2,23.9,16.9,445.5,85.6
10,1991,Tokyo,28.1,18.1,12.3,533,74.8
11,1991,Tokyo,19.9,13,4.7,114,145.8
12,1991,Tokyo,18.8,9.2,0.9,36,143.9
1,1992,Tokyo,15.1,6.8,0.3,50,183.2
2,1992,Tokyo,20.1,6.9,-0.5,36,166.4
3,1992,Tokyo,21.7,9.7,1.7,205,98.8
4,1992,Tokyo,24.1,15.1,5.1,167.5,172.5
5,1992,Tokyo,27.8,17.3,9.3,134,162.4
6,1992,Tokyo,28,20.6,14.2,237,113
7,1992,Tokyo,34.7,25.5,17,111.5,153.6
8,1992,Tokyo,34.2,27,18.9,9,184.7
9,1992,Tokyo,35.2,23.3,14.1,108,161.7
10,1992,Tokyo,27.3,17.3,10.1,328,115.6
11,1992,Tokyo,22.5,13,4.4,168,146.6
12,1992,Tokyo,20.6,9.4,1,65.5,164.9
1,1993,Tokyo,12.9,6.2,1.2,115,130
2,1993,Tokyo,21.9,7.7,0.7,57,195.7
3,1993,Tokyo,18.3,8.7,1.5,60.5,187.7
4,1993,Tokyo,26.9,13.4,4.8,58,183
5,1993,Tokyo,30.7,18.1,8.3,65.5,192.2
6,1993,Tokyo,31.9,21.7,14.3,260,110.9
7,1993,Tokyo,32.3,22.5,16.4,316.5,75.2
8,1993,Tokyo,32.9,24.8,18.4,412,102.2
9,1993,Tokyo,32.1,22.9,14.9,140,90.8
10,1993,Tokyo,25.3,17.5,8.6,156,143.5
11,1993,Tokyo,24,14.1,5.2,167,147.5
12,1993,Tokyo,21.1,8.5,0.7,65,153.2
1,1994,Tokyo,16.8,5.5,-1.3,50,173.6
2,1994,Tokyo,16,6.6,-2.3,88.5,206.2
3,1994,Tokyo,18.7,8.1,2.3,114.5,158.1
4,1994,Tokyo,24.4,15.8,4.3,49,209.5
5,1994,Tokyo,29.3,19.5,10.8,133.5,194.6
6,1994,Tokyo,31.7,22.4,14.3,144.5,136.2
7,1994,Tokyo,35.6,28.3,22.6,93.5,202.9
8,1994,Tokyo,39.1,28.9,20.4,92.5,239.9
9,1994,Tokyo,32.9,24.8,18.3,235,131.8
10,1994,Tokyo,27.9,20.2,11.9,57,76.5
11,1994,Tokyo,23.9,13.4,4.5,50.5,167
12,1994,Tokyo,17.7,9,1.4,23,167.3
1,1995,Tokyo,16.1,6.3,-1.2,36,224.2
2,1995,Tokyo,13.9,6.5,0.1,27,179.3
3,1995,Tokyo,19.9,8.9,1,180,134.4
4,1995,Tokyo,25.5,15,4.9,99.5,158.5
5,1995,Tokyo,26.7,19.1,12.9,204.5,147.6
6,1995,Tokyo,28.8,20.4,14.9,185.5,62.6
7,1995,Tokyo,35.9,26.4,19.4,171,137.1
8,1995,Tokyo,36.4,29.4,24.5,31,248.7
9,1995,Tokyo,35.8,23.7,15.1,164.5,149
10,1995,Tokyo,27.8,19.5,12.3,79,148
11,1995,Tokyo,23.9,12.7,5.2,42,203.4
12,1995,Tokyo,16.7,7.7,-0.6,0,235.3
1,1996,Tokyo,19.9,6.6,-0.4,13,197.8
2,1996,Tokyo,20.9,5.4,-1.5,45,186.8
3,1996,Tokyo,23.1,9.2,0.7,118,162.5
4,1996,Tokyo,26.2,12.7,3.7,111,204.8
5,1996,Tokyo,30.5,18.1,10.5,128,183.7
6,1996,Tokyo,31.8,22.6,15.7,36,117.8
7,1996,Tokyo,34.8,26.2,17.2,253.5,199.6
8,1996,Tokyo,38.7,26,17.9,31.5,149.1
9,1996,Tokyo,34.5,22.4,14.8,382,139
10,1996,Tokyo,27.2,18,9.3,83.5,139.9
11,1996,Tokyo,24.2,13.2,5.8,84,115.4
12,1996,Tokyo,18.6,9.3,2.4,48,187.8
1,1997,Tokyo,16.4,6.8,-2.1,29,236.6
2,1997,Tokyo,18,7,-1.4,21.5,191.6
3,1997,Tokyo,25.1,10.5,3,106,181.9
4,1997,Tokyo,27.2,15.2,8,105.5,184.3
5,1997,Tokyo,27.9,19.2,11.3,186,162.7
6,1997,Tokyo,32.8,22.7,13.4,170.5,160.6
7,1997,Tokyo,37.7,26.6,19.4,185,191.9
8,1997,Tokyo,34.5,27,19.4,144,176.1
9,1997,Tokyo,32.9,22.9,15.4,204,91.7
10,1997,Tokyo,27.1,18.7,9.6,19,192.6
11,1997,Tokyo,24.4,14.3,6.9,91,140.8
12,1997,Tokyo,17.6,9.2,2.5,40.5,153.1
1,1998,Tokyo,13.6,5.3,-0.8,122,162.5
2,1998,Tokyo,23.1,7,0.5,110.5,150.4
3,1998,Tokyo,24.5,10.1,0.7,108,191.5
4,1998,Tokyo,27.1,16.3,2.5,188,108.8
5,1998,Tokyo,29.3,20.5,10.6,140.5,132.5
6,1998,Tokyo,33.7,21.5,13.8,150.5,73.1
7,1998,Tokyo,36.1,25.3,17,156.5,113.6
8,1998,Tokyo,35.5,27.2,20.3,143.5,91.7
9,1998,Tokyo,32.8,24.4,17.7,229,83.8
10,1998,Tokyo,31.9,20.1,11.9,142.5,117.2
11,1998,Tokyo,25,13.9,5.3,7.5,157.9
12,1998,Tokyo,18.4,9,2.4,48,152.4
1,1999,Tokyo,16.4,6.6,-0.9,19.5,217
2,1999,Tokyo,21.3,6.7,-1.4,35.5,200.9
3,1999,Tokyo,20.3,10.1,2.1,144.5,119
4,1999,Tokyo,24,15,5.4,205,146.3
5,1999,Tokyo,31.9,19.9,10.9,103.5,184
6,1999,Tokyo,32.9,22.8,15.4,192.5,135.8
7,1999,Tokyo,34.2,25.9,17.2,342,169
8,1999,Tokyo,34.8,28.5,23.1,301,204
9,1999,Tokyo,34.2,26.2,18,91,130.3
10,1999,Tokyo,29.2,19.5,10.3,87.5,158.4
11,1999,Tokyo,23.8,14.2,7,93,157.1
12,1999,Tokyo,18,9,1.7,7,186.3
1,2000,Tokyo,16.9,7.6,-0.7,66.5,153.8
2,2000,Tokyo,14.5,6,0,4,207.7
3,2000,Tokyo,19.9,9.4,1.5,85.5,207.9
4,2000,Tokyo,24.1,14.5,6.4,151.5,174.9
5,2000,Tokyo,30,19.8,12.9,109,184
6,2000,Tokyo,30.5,22.5,16.4,232,129.8
7,2000,Tokyo,34.9,27.7,19.9,373.5,210.2
8,2000,Tokyo,34.5,28.3,22.2,162,185.7
9,2000,Tokyo,37.8,25.6,17.8,164,128.9
10,2000,Tokyo,28.1,18.8,11.1,142.5,97.7
11,2000,Tokyo,23.1,13.3,5.3,106,109.7
12,2000,Tokyo,20.2,8.8,1.7,6.5,172.2
1,2001,Tokyo,13.8,4.9,-2.4,126.5,178.8
2,2001,Tokyo,19.7,6.6,0,23,153
3,2001,Tokyo,22.8,9.8,1.1,107.5,180.1
4,2001,Tokyo,26.2,15.7,1,40.5,219.5
5,2001,Tokyo,27.5,19.5,8.7,170.5,160.6
6,2001,Tokyo,33.7,23.1,16.1,144.5,107.8
7,2001,Tokyo,38.1,28.5,21.9,41.5,259.2
8,2001,Tokyo,36.3,26.4,19.6,136.5,94
9,2001,Tokyo,32.6,23.2,13.2,204,109.4
10,2001,Tokyo,28.5,18.7,11.3,343,154.6
11,2001,Tokyo,21.8,13.1,6,123.5,169.6
12,2001,Tokyo,16.7,8.4,0.9,30,189.9
1,2002,Tokyo,18.1,7.4,-0.3,98.5,201.9
2,2002,Tokyo,17.7,7.9,0.3,25,163.5
3,2002,Tokyo,23.9,12.2,3.9,82,191.3
4,2002,Tokyo,28,16.1,9.1,58,164.2
5,2002,Tokyo,27.5,18.4,12.4,112.5,153
6,2002,Tokyo,31.1,21.6,15.6,151.5,123.3
7,2002,Tokyo,34.8,28,21.1,124,189.5
8,2002,Tokyo,35.8,28,20.7,120,231
9,2002,Tokyo,33.9,23.1,15.4,207,117.3
10,2002,Tokyo,29.4,19,9.1,194,183.4
11,2002,Tokyo,20.4,11.6,4.8,27.5,140.9
12,2002,Tokyo,18.7,7.2,0,94.5,130.7
1,2003,Tokyo,13.8,5.5,-0.8,101,208
2,2003,Tokyo,14.5,6.4,0.9,53.5,154
3,2003,Tokyo,20.4,8.7,1.1,159.5,203.8
4,2003,Tokyo,27.9,15.1,5.6,121,162.6
5,2003,Tokyo,26.9,18.8,10.5,172.5,145.6
6,2003,Tokyo,33.3,23.2,16.4,85,103.6
7,2003,Tokyo,31.9,22.8,17.7,187.5,48.2
8,2003,Tokyo,34.3,26,18.4,370,130.3
9,2003,Tokyo,34.3,24.2,13.9,150,160.2
10,2003,Tokyo,28.7,17.8,12.1,171.5,137.6
11,2003,Tokyo,24.8,14.4,7.3,229.5,87.9
12,2003,Tokyo,19,9.2,0.7,53,181.4
1,2004,Tokyo,14.2,6.3,0.2,3.5,203.6
2,2004,Tokyo,21.6,8.5,0.2,20,218.3
3,2004,Tokyo,21.9,9.8,1.6,129.5,170.9
4,2004,Tokyo,28.9,16.4,3.1,69.5,235.4
5,2004,Tokyo,31.7,19.6,10.5,149,139.9
6,2004,Tokyo,32.3,23.7,16.3,112.5,170.6
7,2004,Tokyo,39.5,28.5,19.1,23.5,232.2
8,2004,Tokyo,36.5,27.2,18.1,79.5,177.8
9,2004,Tokyo,33.6,25.1,18.4,195,140
10,2004,Tokyo,28.2,17.5,8.6,780,116.8
11,2004,Tokyo,23.2,15.6,8.3,108.5,160.9
12,2004,Tokyo,24.8,9.9,0.2,79.5,166.3
1,2005,Tokyo,18.5,6.1,-0.8,77,200
2,2005,Tokyo,19.4,6.2,-0.3,48,148.9
3,2005,Tokyo,19.3,9,0.5,71,175.1
4,2005,Tokyo,28.1,15.1,4.6,81,216.1
5,2005,Tokyo,27.2,17.7,9.3,180.5,172.3
6,2005,Tokyo,36.2,23.2,16.2,170.5,119.3
7,2005,Tokyo,35.6,25.6,18.5,247.5,103.9
8,2005,Tokyo,35.8,28.1,21.9,189.5,159.9
9,2005,Tokyo,33.1,24.7,16.9,177.5,154.2
10,2005,Tokyo,31.7,19.2,12.7,201.5,108.3
11,2005,Tokyo,24.1,13.3,5.2,34.5,194.6
12,2005,Tokyo,15.9,6.4,-0.8,3.5,212.4
1,2006,Tokyo,14.7,5.1,-1.1,67,169.9
2,2006,Tokyo,19.9,6.7,-1.5,113,128.5
3,2006,Tokyo,19,9.8,1.5,79.5,176.2
4,2006,Tokyo,22.4,13.6,6.3,123,147
5,2006,Tokyo,29.4,19,9.2,99,136.7
6,2006,Tokyo,31.5,22.5,15.5,138.5,79.5
7,2006,Tokyo,36.1,25.6,20.3,165,59.2
8,2006,Tokyo,35.4,27.5,20.2,126,160.6
9,2006,Tokyo,34.8,23.5,16.6,175.5,103.5
10,2006,Tokyo,27,19.5,12.1,318,137.8
11,2006,Tokyo,24.9,14.4,5.8,135,147.5
12,2006,Tokyo,20.3,9.5,3.7,200.5,141.4
1,2007,Tokyo,15,7.6,2,42,175.6
2,2007,Tokyo,17.3,8.6,0.2,57,193.6
3,2007,Tokyo,24.1,10.8,2.6,77,195
4,2007,Tokyo,25.8,13.7,4,134,151
5,2007,Tokyo,29,19.8,13,115.5,226.4
6,2007,Tokyo,31.5,23.2,15.7,80,187.2
7,2007,Tokyo,32.7,24.4,18.2,253,80.6
8,2007,Tokyo,37.5,29,23.1,9.5,227.9
9,2007,Tokyo,32.9,25.2,15.7,319.5,121.3
10,2007,Tokyo,26.5,19,12.8,135.5,119.8
11,2007,Tokyo,21.2,13.3,4.6,37,148.8
12,2007,Tokyo,15.8,9,2.7,72,168.8
1,2008,Tokyo,13.9,5.9,0.8,17.5,164.8
2,2008,Tokyo,17,5.5,-0.1,57,214.8
3,2008,Tokyo,20.4,10.7,2.8,119.5,187.2
4,2008,Tokyo,25.8,14.7,6.5,240,150
5,2008,Tokyo,29,18.5,9.2,255,136.9
6,2008,Tokyo,29.1,21.3,13.4,225.5,106.9
7,2008,Tokyo,34.5,27,18.6,48,168.4
8,2008,Tokyo,35.3,26.8,19.6,387.5,130
9,2008,Tokyo,32.3,24.4,15.4,158.5,124.1
10,2008,Tokyo,25.2,19.4,11.5,204.5,141
11,2008,Tokyo,22.3,13.1,5.5,74,142.9
12,2008,Tokyo,19.9,9.8,1.8,70.5,190.8
1,2009,Tokyo,15.3,6.8,0,142,174.7
2,2009,Tokyo,23.9,7.8,1.4,46.5,131.2
3,2009,Tokyo,23.2,10,1.1,98.5,162.9
4,2009,Tokyo,26.1,15.7,5.4,162.5,226.7
5,2009,Tokyo,29.3,20.1,12.6,242,154.6
6,2009,Tokyo,31.9,22.5,15.5,226,98.8
7,2009,Tokyo,34.2,26.3,20.2,78.5,103.5
8,2009,Tokyo,33.2,26.6,17.6,242,136.1
9,2009,Tokyo,31.5,23,17.7,53,136.5
10,2009,Tokyo,27.1,19,12.7,276.5,153.3
11,2009,Tokyo,25.9,13.5,5.5,151.5,124
12,2009,Tokyo,17.4,9,1.1,82.5,181
1,2010,Tokyo,18,7,-0.3,9,221.9
2,2010,Tokyo,21,6.5,-0.4,115,118.3
3,2010,Tokyo,21.6,9.1,0.9,143.5,139.8
4,2010,Tokyo,25.5,12.4,1.4,214,139.9
5,2010,Tokyo,30.9,19,11.4,114,198.8
6,2010,Tokyo,31.8,23.6,13.4,108,162.5
7,2010,Tokyo,36.3,28,19.9,70,182.7
8,2010,Tokyo,37.2,29.6,23.6,27,222.6
9,2010,Tokyo,35.9,25.1,13.9,428,165.3
10,2010,Tokyo,28.3,18.9,9.3,211,81.4
11,2010,Tokyo,22.4,13.5,7,94.5,158.9
12,2010,Tokyo,23.7,9.9,2.1,145.5,194.9
1,2011,Tokyo,12.2,5.1,-1.1,3.5,243.9
2,2011,Tokyo,20.8,7,-0.8,151,148.9
3,2011,Tokyo,20.2,8.1,1,74,214.8
4,2011,Tokyo,24.8,14.5,4.3,96,204
5,2011,Tokyo,29.6,18.5,12.2,213.5,146.3
6,2011,Tokyo,35.1,22.8,12.1,116.5,105.1
7,2011,Tokyo,34.8,27.3,18,54.5,186.2
8,2011,Tokyo,36.1,27.5,19.3,244,168.9
9,2011,Tokyo,32.5,25.1,15.9,235,165.8
10,2011,Tokyo,29.7,19.5,11.2,119.5,141.3
11,2011,Tokyo,22.7,14.9,7.2,112.5,143.4
12,2011,Tokyo,18.9,7.5,1.5,59.5,187.6
1,2012,Tokyo,11.1,4.8,-1,50,183
2,2012,Tokyo,15.4,5.4,-1,94,148.6
3,2012,Tokyo,19.4,8.8,2,144.5,149.7
4,2012,Tokyo,26,14.5,5.1,118.5,162.4
5,2012,Tokyo,27.2,19.6,11.9,231,195.4
6,2012,Tokyo,30.2,21.4,15.2,185,125.3
7,2012,Tokyo,35.4,26.4,17.4,130,181.3
8,2012,Tokyo,35.7,29.1,22.9,25,236
9,2012,Tokyo,33.8,26.2,18,214.5,164.4
10,2012,Tokyo,31,19.4,11.8,154.5,156.6
11,2012,Tokyo,21.5,12.7,4.4,154,153.3
12,2012,Tokyo,18.4,7.3,0.1,69,166.9
1,2013,Tokyo,14.4,5.5,-1.4,70,212.5
2,2013,Tokyo,20.9,6.2,-0.5,30,173.7
3,2013,Tokyo,25.3,12.1,3.2,44.5,190.1
4,2013,Tokyo,23.4,15.2,5.3,283,196
5,2013,Tokyo,28.5,19.8,10.5,56,227.1
6,2013,Tokyo,30.2,22.9,14.7,159,123.9
7,2013,Tokyo,35.4,27.3,21,115.5,163.4
8,2013,Tokyo,38.3,29.2,20.3,99,210.6
9,2013,Tokyo,35.7,25.2,15.7,231.5,164.2
10,2013,Tokyo,31.3,19.8,12,440,110.4
11,2013,Tokyo,21.5,13.5,5.9,26,177.4
12,2013,Tokyo,17.6,8.3,0.5,59.5,181.8
1,2014,Tokyo,15.9,6.3,-0.2,24.5,204.1
2,2014,Tokyo,18.6,5.9,-0.9,157.5,139.8
3,2014,Tokyo,22.3,10.4,1.3,113.5,205
4,2014,Tokyo,23.9,15,6.3,155,218.3
5,2014,Tokyo,31.6,20.3,11.2,135.5,236.5
6,2014,Tokyo,33.1,23.4,17.7,311,143
7,2014,Tokyo,35.6,26.8,20.1,105.5,175.6
8,2014,Tokyo,36.1,27.7,19.6,105,180.9
9,2014,Tokyo,31.6,23.2,16.4,155.5,145.8
10,2014,Tokyo,29.8,19.1,11.9,384.5,135.2
11,2014,Tokyo,22.4,14.2,6.9,98.5,134.6
12,2014,Tokyo,16.2,6.7,-1.3,62,185.2
1,2015,Tokyo,16.4,5.8,-2.2,92.5,182
2,2015,Tokyo,19.2,5.7,-2.4,62,166.9
3,2015,Tokyo,23.6,10.3,-0.4,94,194.2
4,2015,Tokyo,27.2,14.5,2.4,129,149.5
5,2015,Tokyo,32.2,21.1,11.6,88,240.6
6,2015,Tokyo,31.4,22.1,13.4,195.5,137.3
7,2015,Tokyo,35.8,26.2,17.6,234.5,181.8
8,2015,Tokyo,37.7,26.7,17.9,103.5,137.6
9,2015,Tokyo,31.5,22.6,16.1,503.5,113.3
10,2015,Tokyo,28.1,18.4,10.3,57,181.3
11,2015,Tokyo,23.7,13.9,3.9,139.5,120.1
12,2015,Tokyo,24.1,9.3,1.9,82.5,162
1,2016,Tokyo,16.2,6.1,-2.6,85,201.5
2,2016,Tokyo,23,7.2,0.1,57,160.1
3,2016,Tokyo,21.4,10.1,1.1,103,161.9
4,2016,Tokyo,26.8,15.4,5.1,120,149.2
5,2016,Tokyo,30.9,20.2,11.9,137.5,204.9
6,2016,Tokyo,33,22.4,14.2,174.5,139.1
7,2016,Tokyo,36.7,25.4,19,81.5,143.7
8,2016,Tokyo,37.7,27.1,21.3,414,156.5
9,2016,Tokyo,33,24.4,17.6,287,79.4
10,2016,Tokyo,32,18.7,9.6,96.5,119.6
11,2016,Tokyo,20.8,11.4,0.3,139,132.1
12,2016,Tokyo,20.2,8.9,0,84,193.7
1,2017,Tokyo,19.5,5.8,-2.3,26,226.7
2,2017,Tokyo,20.6,6.9,-1.6,15.5,193.7
3,2017,Tokyo,18.7,8.5,0,85.5,190.3
4,2017,Tokyo,26.1,14.7,4.5,122,198.8
5,2017,Tokyo,30.9,20,11.3,49,216.9
6,2017,Tokyo,30.6,22,14.8,106.5,158.8
7,2017,Tokyo,35,27.3,20.9,81,189.1
8,2017,Tokyo,37.1,26.4,20,141.5,83.7
9,2017,Tokyo,33.3,22.8,16,209.5,124.4
10,2017,Tokyo,29,16.8,9.1,531.5,94.7
11,2017,Tokyo,21.9,11.9,3.2,47,162.7
12,2017,Tokyo,16,6.6,-0.2,15,211.1
1,2018,Tokyo,16,4.7,-4,48.5,206.1
2,2018,Tokyo,15.1,5.4,-1.8,20,167.3
3,2018,Tokyo,24.2,11.5,1.7,220,198
4,2018,Tokyo,28.3,17,5.5,109,201.8
5,2018,Tokyo,29,19.8,9,165.5,199.3
6,2018,Tokyo,32.9,22.4,14.2,155.5,163.1
7,2018,Tokyo,39,28.3,19.1,107,227.2
8,2018,Tokyo,37.3,28.1,18.3,86.5,217.4
9,2018,Tokyo,33,22.9,14.1,365,96.7
10,2018,Tokyo,32.3,19.1,11.6,61.5,139
11,2018,Tokyo,22.8,14,5.8,63,151
12,2018,Tokyo,23.4,8.3,-0.7,44,145.3
1,2019,Tokyo,14,5.6,-1.2,16,222.2
2,2019,Tokyo,19.5,7.2,-1.2,42,138
3,2019,Tokyo,23.9,10.6,1.1,117.5,177.3
4,2019,Tokyo,25.6,13.6,2.3,90.5,194.4
5,2019,Tokyo,32.6,20,7.9,120.5,229.4
6,2019,Tokyo,32.3,21.8,13.9,225,129.5
7,2019,Tokyo,34.6,24.1,17.7,193,81.1
8,2019,Tokyo,35.6,28.4,20.7,110,187.8
9,2019,Tokyo,36.2,25.1,17.1,197,137.6
10,2019,Tokyo,30.3,19.4,12.1,529.5,112.8
11,2019,Tokyo,23.9,13.1,1.6,156.5,170.3
12,2019,Tokyo,18.9,8.5,2.2,76.5,128.6
